"Cód. da Unidade";"Unidade";"Histórico";"CNPJ";"Região Administrativa";"Município";"Direção";"Direção Administrativo";"Direção Acadêmica";"Telefone";"Aniversário da Cidade";"Endereço";"Site";"Redes Sociais";"Arquivos";"Logotipo";"Cursos"
"291";"Fatec Adamantina";"A Fatec foi implantada no 2º semestre de 2018";"62.823.257/0291-82";"Presidente Prudente";"Adamantina";"                José Eduardo Rossilho de Figueiredo                f291dir@cps.sp.gov.br              ";"                Leandro Radighieri                f291adm@cps.sp.gov.br              ";"                Luis Henrique da Silva Fabrício                f291acad@cps.sp.gov.br              ";"(18) 3522-4181 / 3502-4500Discagem Abreviada: (6) 291";"                13/06              ";"Rua Paraná, 400 - Jardim Brasil - CEP: 17800-000";"https://fatecadamantina.cps.sp.gov.br";"                                                  Facebook: https://www.facebook.com/fatec.adamantina                                                                                  Instagram: https://www.instagram.com/fatec.adamantina                                                                                                                  Youtube: https://www.youtube.com/channel/UCAl13BaKsuoDJNrTzIeMl1w                                                                                                                              ";"                                                                                Decreto de Criação: 63.313, de 26/03/2018 -                     https://www.al.sp.gov.br/repositorio/legislacao/decreto/2018/decreto-63313-26.03.2018.html                                                            ";"                              https://bkpsitecpsnew.blob.core.windows.net/uploadsitecps/sites/1/2020/10/fatec_ra_presidente_prudente_adamantina.zip                            ";"Cursos Superiores de Tecnologia PresenciaisCiência de DadosGestão Comercial"
"004";"Fatec Americana – Ministro Ralph Biasi";"A Fatec foi implantada em 1986.";"62.823.257/0016-87";"Campinas";"Americana";"                Wladimir da Costa                f004dir@cps.sp.gov.br              ";"                Fabiana Morelli                f004adm@cps.sp.gov.br              ";"                Lilian Aparecida Santarosa Lemes                f004acad@cps.sp.gov.br              ";"(19) 3406-3297 / 3406-5776Discagem Abreviada: (6) 004";"                27/08              ";"Rua Emilio de Menezes, s/n° gleba B – Vila Amorim - CEP: 13469-111 - Americana/SP";"http://www.fatec.edu.br";"                                                  Facebook: http://www.facebook.com/fatecamoficial                                                                                  Instagram: http://www.instagram.com/fatecamoficial                                                                                  X: https://twitter.com/fatecamoficial                                                                                  Linkedin: https://www.linkedin.com/school/fatecamoficial                                                                                  Youtube: https://www.youtube.com/channel/UCiYMAsNeoRjAJ75iz3YyLnw                                                                                                                              ";"                                                                                Decreto de Criação: 25.850, de 08/09/1986 -                     https://www.al.sp.gov.br/repositorio/legislacao/decreto/1986/decreto-25850-08.09.1986.html                                    Lei de Denominação: 8.348, de 15/07/1993 -                     https://www.al.sp.gov.br/repositorio/legislacao/lei/1993/lei-8348-15.07.1993.html                                    Lei de Denominação: 16.904, de 28/12/2018 -                     https://www.al.sp.gov.br/repositorio/legislacao/lei/2018/lei-16904-28.12.2018.html                                                            ";"                              https://bkpsitecpsnew.blob.core.windows.net/uploadsitecps/sites/1/2020/10/fatec_ra_campinas_americana.zip                            ";"Cursos Superiores de Tecnologia PresenciaisAnálise e Desenvolvimento de SistemasDesign de Moda Gestão EmpresarialJogos DigitaisLogísticaProdução TêxtilSegurança da InformaçãoCursos Superiores de Tecnologia EaDGestão Empresarial"
"177";"Fatec Araçatuba – Prof. Fernando Amaral de Almeida Prado";"A Fatec foi implantada no 1º semestre de 2008.";"62.823.257/0177-61";"Araçatuba";"Araçatuba";"                Giuliano Pierre Estevam                f177dir@cps.sp.gov.br              ";"                Sandra Marcia Faria Rillo                f177adm@cps.sp.gov.br              ";"                Luzia Aparecida Barbosa Bertolucci                f177acad@cps.sp.gov.br              ";"(18) 3625-9917 / 3625-9914Discagem Abreviada: (6) 177";"                02/12              ";"Av. Prestes Maia, 1.764 - Jardim Ipanema - CEP: 16052-045 - Araçatuba/SP.";"http://www.fatecaracatuba.edu.br";"                                                  Facebook: https://www.facebook.com/fatecaracatuba                                                                                  Instagram: https://www.instagram.com/fatec177/                                                                                  X: https://twitter.com/fatec_aracatuba                                                                                                                                                                                  Whatsapp: https://api.whatsapp.com/send?phone=55111836259914                                              ";"                                                                                Decreto de Criação: 52.639, de 21/01/2008 -                     https://www.al.sp.gov.br/repositorio/legislacao/decreto/2008/decreto-52639-21.01.2008.html                                    Lei de Denominação: 13.233, de 01/12/2008 -                     https://www.al.sp.gov.br/repositorio/legislacao/lei/2008/lei-13233-01.12.2008.html                                                            ";"                              https://bkpsitecpsnew.blob.core.windows.net/uploadsitecps/sites/1/2024/08/fatec_ra_aracatuba_aracatuba.zip                            ";"Cursos Superiores de Tecnologia PresenciaisAnálise e Desenvolvimento de SistemasBiocombustíveisCursos Superiores de Tecnologia EaDGestão Empresarial"
"288";"Fatec Araraquara – Prof. José Arana Varela";"A Fatec foi implantada no 2º semestre de 2017.";"62.823.257/0288-87";"Central";"Araraquara";"                Daniela Russo Leite                f288dir@cps.sp.gov.br              ";"                Taíse de Souza Romualdo                f288adm@cps.sp.gov.br              ";"                Felipe Cavalleiros Sasaoka                         f288acad@cps.sp.gov.br              ";"(16) 3339-7841Discagem Abreviada: (6) 288";"                22/08              ";"Rua Precide Scarpino Martim, 126 - Jd. Santa Clara - Araraquara/SP";"https://fatecararaquara.cps.sp.gov.br/";"                                                  Facebook: https://www.facebook.com/fatecAqa                                                                                  Instagram: https://www.instagram.com/fatecararaquara                                                                                                  Linkedin: https://br.linkedin.com/school/fatecararaquara/                                                                                  Youtube: https://www.youtube.com/channel/UCF65BspphmekHHYwZ-pKxdA                                                                                                                              ";"                                                                                Decreto de Criação: 62.679, de 07/07/2017 -                     https://www.al.sp.gov.br/repositorio/legislacao/decreto/2017/decreto-62679-07.07.2017.html                                    Nomeação: 17.501, de 07/01/2022 -                     https://www.al.sp.gov.br/repositorio/legislacao/lei/2022/lei-17501-07.01.2022.html                                                            ";"                              https://bkpsitecpsnew.blob.core.windows.net/uploadsitecps/sites/1/2020/10/fatec_ra_central_araraquara.zip                            ";"Cursos Superiores de Tecnologia PresenciaisAnálise e Desenvolvimento de SistemasGestão ComercialGestão da Produção IndustrialGestão EmpresarialSegurança da Informação"
"290";"Fatec Araras – Antonio Brambilla";"A Fatec foi implantada no 2º semestre de 2017.";"62.823.257/0290-00";"Campinas";"Araras";"                Marco Anselmo de Godoi Prezoto                f290dir@cps.sp.gov.br              ";"                Ana Paula Luzetti                f290adm@cps.sp.gov.br              ";"                Rosana Fátima de Melo                f290acad@cps.sp.gov.br              ";"(19) 3541-3004Discagem Abreviada: (6) 290";"                15/08              ";"Rua Jarbas Leme Godoy, 875 - Jd. José Ometto II - Araras/SP";"https://fatecararas.cps.sp.gov.br/";"                                                  Facebook: https://www.facebook.com/fatec.araras                                                                                  Instagram: https://www.instagram.com/fatec.araras                                                                                                  Linkedin: https://www.linkedin.com/company/fatec-araras                                                                                  Youtube: https://www.youtube.com/c/FatecArarasOficial                                                                                                                                                  Whatsapp: https://api.whatsapp.com/send?phone=5519987701768                                              ";"                                                                                Decreto de Criação: 62.680, de 07/07/2017 -                     https://www.al.sp.gov.br/repositorio/legislacao/decreto/2017/decreto-62680-07.07.2017.html                                    Lei de Denominação: 17.150, de 18/09/2019 -                     https://www.al.sp.gov.br/repositorio/legislacao/lei/2019/lei-17150-18.09.2019.html                                                            ";"                              https://bkpsitecpsnew.blob.core.windows.net/uploadsitecps/sites/1/2024/08/fatec_ra_campinas_araras.zip                            ";"Cursos Superiores de Tecnologia PresenciaisDesenvolvimento de Software MultiplataformaGestão Empresarial"
"309";"Fatec Arujá (início das atividades 1º sem/2027)";"";"";"Metropolitana de São Paulo";"Arujá";"                                f309dir@cps.sp.gov.br              ";"                                f309adm@cps.sp.gov.br              ";"                                f309acad@cps.sp.gov.br              ";"Discagem Abreviada: (6) 309";"                08/06              ";"Rua Othelo Meleckcevisks, s/n - Arujá Center Ville - Arujá/SP - CEP 07401-080";"";"                                                                                                                                                                              ";"                                                                                 -                                                                                 ";"                            ";"Cursos Superiores de Tecnologia PresenciaisAnálise e Desenvolvimento de Sistemas"
"275";"Fatec Assis – Prof. Dr. José Luiz Guimarães";"A Fatec foi implantada no 2º semestre de 2014.";"62.823.257/0275-62";"Marília";"Assis";"                Luiz Carlos Begosso                f275dir@cps.sp.gov.br              ";"                Patrícia Gasparoto de Freitas                f275adm@cps.sp.gov.br              ";"                Ezilda Zandonadi Machado                           f275acad@cps.sp.gov.br              ";"(18) 3324-1607Discagem Abreviada: (6) 275";"                01/07              ";"Avenida Dom Antônio, 2.100 – Parque Universitário - CEP: 19806-900 - Assis/SP";"https://fatecassis.cps.sp.gov.br/";"                                                  Facebook: https://www.facebook.com/vemprafatecassis                                                                                  Instagram: https://www.instagram.com/fatecassis                                                                                                                  Youtube: https://www.youtube.com/c/FatecAssis                                                                                                                              ";"                                                                                Decreto de Criação: 60.318, de 01/04/2014 -                     https://www.al.sp.gov.br/repositorio/legislacao/decreto/2014/decreto-60318-01.04.2014.html                                    Lei de Denominação: 17.216, de 29/11/2019 -                     https://www.al.sp.gov.br/repositorio/legislacao/lei/2019/lei-17216-29.11.2019.html                                                            ";"                              https://bkpsitecpsnew.blob.core.windows.net/uploadsitecps/sites/1/2020/10/fatec_ra_marilia_assis.zip                            ";"Cursos Superiores de Tecnologia PresenciaisGestão ComercialGestão da Tecnologia da Informação"
"309";"Fatec Atibaia";"Unidade criada em 2025.";"62.823.257/0309-46";"Campinas";"Atibaia";"                Mariluci Alves Martino                f309dir@cps.sp.gov.br              ";"                Ellis Sandra de Souza Lima                f309adm@cps.sp.gov.br              ";"                Caroline Audreuccetti                f309acad@cps.sp.gov.br              ";"(11) 4402-1047 / 4402 1010Discagem Abreviada: (6) 309";"                24/06              ";"Avenida Jerônimo de Camargo – 421 - CEP 12951-540 - Caetetuba Atibaia/SP";"https://fatecatibaia.cps.sp.gov.br/";"                                                                  Instagram: https://www.instagram.com/fatecatibaia/                                                                                                                                                                              ";"                                                                                Decreto de Criação: 69.600, de 09/06/2025 -                     https://www.al.sp.gov.br/repositorio/legislacao/decreto/2025/decreto-69600-09.06.2025.html                                                            ";"                              https://bkpsitecpsnew.blob.core.windows.net/uploadsitecps/sites/1/2024/04/fatec_ra_campinas_atibaia.zip                            ";"Cursos Superiores de Tecnologia PresenciaisDesenvolvimento de Software Multiplataforma"
"005";"Fatec Baixada Santista – Rubens Lara";"A Fatec foi implantada no 1° semestre de 1987.";"62.823.257/0017-68";"Baixada Santista";"Santos";"                Jorge Monteiro Junior                f005dir@cps.sp.gov.br              ";"                Abelino Guimarães Neto                f005adm@cps.sp.gov.br              ";"                Raquel de Souza Felix da Silva                f005acad@cps.sp.gov.br              ";"(13) 3226-4100Discagem Abreviada: (6) 005";"                26/01              ";"Av. Senador Feijó, 350 - Vila Matias - CEP: 11015-502 - Santos/SP";"http://fatecrl.edu.br";"                                                  Facebook: https://www.facebook.com/fatecrl                                                                                  Instagram: https://www.instagram.com/fatecrl                                                                                  X: https://twitter.com/FatecRubensLara                                                                                  Linkedin: https://www.linkedin.com/school/fatecrl                                                                                  Youtube: https://www.youtube.com/c/FatecBSRubensLara                                                                                                                              ";"                                                                                Decreto de Criação: 26.150, de 31/10/1986 -                     https://www.al.sp.gov.br/repositorio/legislacao/decreto/1986/decreto-26150-31.10.1986.html                                    Lei de Denominação: 13.236, de 01/12/2008 -                     https://www.al.sp.gov.br/repositorio/legislacao/lei/2008/lei-13236-01.12.2008.html                                                            ";"                              https://bkpsitecpsnew.blob.core.windows.net/uploadsitecps/sites/1/2024/08/fatec_ra_baixada_santista_baixada_santista_rubens_lara.zip                            ";"Cursos Superiores de Tecnologia PresenciaisAnálise e Desenvolvimento de SistemasCiência de DadosGestão de Recursos HumanosGestão EmpresarialGestão PortuáriaLogísticaSistemas para InternetCursos Superiores de Tecnologia EaDGestão Empresarial"
"298";"Fatec Barretos – Profª Édi Salvi Lima";"A Fatec foi Implantada em 2021.";"62.823.257/0298-59";"Barretos";"Barretos";"                Paulo Sérgio Jorge                f298dir@cps.sp.gov.br              ";"                Amanda Letícia dos Santos Oliveira                f298adm@cps.sp.gov.br              ";"                João Augusto Soares                f298acad@cps.sp.gov.br              ";"(17) 3105-3801 / 3105-3805 / 3105-3806 / 98117-8337Discagem Abreviada: (6) 298";"                25/08              ";"Rua 18, 535 - Centro - CEP 14780-060 - Barretos/SP";"https://fatecbarretos.cps.sp.gov.br/";"                                                  Facebook: https://www.facebook.com/FatecBarretos                                                                                  Instagram: https://www.instagram.com/fatec.barretos                                                                                                                  Youtube: https://www.youtube.com/channel/UC2uHZphPE1AfmVPCykQCUzQ                                                                                                                              ";"                                                                                Decreto de Criação: 66.001, de 09/09/2021 -                     https://www.al.sp.gov.br/repositorio/legislacao/decreto/2021/decreto-66001-09.09.2021.html                                    Decreto de Nomeação: 17.750, de 18/09/2023 -                     https://www.al.sp.gov.br/repositorio/legislacao/lei/2023/lei-17750-18.09.2023.html                                                            ";"                              https://bkpsitecpsnew.blob.core.windows.net/uploadsitecps/sites/1/2024/08/fatec_ra_barretos_barretos_profa_edi_salvi_lima.zip                            ";"Cursos Superiores de Tecnologia PresenciaisGestão Hospitalar"
"";"Fatec Barueri – InovaSaúde (início das atividades 1º sem/2027)";"";"";"Metropolitana de São Paulo";"Barueri";"                                dir@cps.sp.gov.br              ";"                                adm@cps.sp.gov.br              ";"                                acad@cps.sp.gov.br              ";"Discagem Abreviada: (6)";"                26/03              ";"Avenida Marginal Esquerda, 1177 - Jardim Paulista, Barueri/SP - CEP: 06447-100";"";"                                                                                                                                                                              ";"                                                                                 -                                                                                 ";"                            ";"Cursos Superiores de Tecnologia PresenciaisCiência de Dados e Inteligência em SaúdeGestão Estratégica de Saúde e Hospitais"
"209";"Fatec Barueri – Padre Danilo José de Oliveira Ohl";"A Fatec foi implantada no 2º semestre de 2009.";"62.823.257/0209-83";"Metropolitana de São Paulo";"Barueri";"                Viviane Minati Panzeri                f209dir@cps.sp.gov.br              ";"                Naline Belmiro Freitas Silva                f209adm@cps.sp.gov.br              ";"                Maria Cristina Pacheco Lima                f209acad@cps.sp.gov.br              ";"(11) 2543-4900Discagem Abreviada: (6) 209";"                26/03              ";"Av. Carlos Capriotti , 123 - Centro - CEP: 06401-136 - Barueri/SP";"http://www.fatecbarueri.edu.br";"                                                  Facebook: https://www.facebook.com/fatecbaruerioficial                                                                                  Instagram: https://www.instagram.com/fatecbaruerioficial                                                                                                  Linkedin: https://www.linkedin.com/school/fatecbaruerioficial                                                                                  Youtube: https://www.youtube.com/channel/UCiKqQGiaPUGr77W9m9TblfQ                                                                                                                              ";"                                                                                Decreto de Criação: 54.465, de 19/06/2009 -                     https://www.al.sp.gov.br/repositorio/legislacao/decreto/2009/decreto-54465-19.06.2009.html                                    Lei de Denominação: 14.930, de 09/01/2013 -                     https://www.al.sp.gov.br/repositorio/legislacao/lei/2013/lei-14930-09.01.2013.html                                                            ";"                              https://bkpsitecpsnew.blob.core.windows.net/uploadsitecps/sites/1/2020/10/fatec_ra_metropolitana_sp_barueri.zip                            ";"Cursos Superiores de Tecnologia PresenciaisComércio ExteriorDesign de Mídias DigitaisGestão da Tecnologia da InformaçãoGestão de Comércio EletrônicoGestão de EventosGestão de Negócios e PessoasGestão de Recursos HumanosTransporte TerrestreCursos Superiores de Tecnologia EaDGestão Empresarial"
"196";"Fatec Bauru";"A Fatec foi implantada no 2º semestre de 2008.";"62.823.257/0196-24";"Bauru";"Bauru";"                Wangner Barbosa da Costa                f196dir@cps.sp.gov.br              ";"                Damaris Gomes Ferraz da Silva                f196adm@cps.sp.gov.br              ";"                Elaine Cristina Misquiatti                f196acad@cps.sp.gov.br              ";"(14) 3236-9350Discagem Abreviada: (6) 196";"                01/08              ";"Rua Manoel Bento Cruz, 3-30 - Centro - CEP: 17015-171 - Bauru/SP";"https://fatecbauru.cps.sp.gov.br/";"                                                  Facebook: https://www.facebook.com/fatecbauru196                                                                                  Instagram: https://www.instagram.com/fatecbauru196                                                                                  X: https://twitter.com/fatecbauru                                                                                  Linkedin: https://www.linkedin.com/in/fatec-bauru-022628164                                                                                  Youtube: https://www.youtube.com/channel/UCt7XqAdl9tLKP_OCGQJyd4Q                                                                                                  Tiktok: https://www.tiktok.com/@fatecbauru.oficial                                                                                              ";"                                                                                Decreto de Criação: 53.367, de 01/09/2008 -                     https://www.al.sp.gov.br/repositorio/legislacao/decreto/2008/decreto-53367-01.09.2008.html                                                            ";"                              https://bkpsitecpsnew.blob.core.windows.net/uploadsitecps/sites/1/2024/08/fatec_ra_bauru_bauru.zip                            ";"Cursos Superiores de Tecnologia PresenciaisAutomação IndustrialBanco de DadosGestão HospitalarRedes de ComputadoresSistemas BiomédicosCursos Superiores de Tecnologia EaDGestão Empresarial"
"280";"Fatec Bebedouro – Jorge Caram Sabbag";"A Fatec iniciou as atividades em 2014.";"62.823.257/0280-20";"Barretos";"Bebedouro";"                Carla Regina Lanzotti                f280dir@cps.sp.gov.br              ";"                Aline Beatriz Ramos Luz                f280adm@cps.sp.gov.br              ";"                Elaine Bento de Albuquerque                f280acad@cps.sp.gov.br              ";"(17) 3343-5395Discagem Abreviada: (6) 280";"                03/05              ";"Rua Dr. Oscar Werneck,1286 - Centro - CEP: 14701-120 - Bebedouro/SP";"https://fatecbb.cps.sp.gov.br/";"                                                  Facebook: https://www.facebook.com/fatecbebedouro                                                                                  Instagram: https://www.instagram.com/fatecbebedouro                                                                                                  Linkedin: https://www.linkedin.com/company/fatec-bebedouro                                                                                  Youtube: https://www.youtube.com/channel/UC5nrh-EcWgKDzJyaK8C-0iQ                                                                                                                              ";"                                                                                Decreto de Criação: 60.580, de 27/06/2014 -                     https://www.al.sp.gov.br/repositorio/legislacao/decreto/2014/decreto-60580-27.06.2014.html                                    Lei de Denominação: 15.816, de 23/04/2015 -                     https://www.al.sp.gov.br/repositorio/legislacao/lei/2015/lei-15816-23.04.2015.html                                                            ";"                              https://bkpsitecpsnew.blob.core.windows.net/uploadsitecps/sites/1/2024/08/fatec_ra_barretos_bebedouro_jorge_caram_sabbag.zip                            ";"Cursos Superiores de Tecnologia PresenciaisBig Data no AgronegócioLogística"
"112";"Fatec Botucatu";"A Fatec foi implantada em 2002.";"62.823.257/0112-16";"Sorocaba";"Botucatu";"                Gustavo Kimura Montanha                f112dir@cps.sp.gov.br              ";"                José Roberto Sperandim                f112adm@cps.sp.gov.br              ";"                Danisley de Paula Roschel                f112acad@cps.sp.gov.br              ";"(14) 3811-7400Discagem Abreviada: (6) 112";"                14/04              ";"Av. José Ítalo Bacchi, s/n° - Jd. Aeroporto - CEP: 18606-855 - Botucatu/SP";"http://www.fatecbt.edu.br";"                                                  Facebook: https://www.facebook.com/ftcbotucatu                                                                                  Instagram: https://www.instagram.com/ftcbotucatu/                                                                                  X: https://twitter.com/fatecbotucatu                                                                                  Linkedin: https://linkedin.com/school/ftcbotucatu                                                                                  Youtube: https://www.youtube.com/c/FatecBotucatuoficial                                                                                                                              ";"                                                                                Decreto de Criação: 39.693, de 16/12/1994 -                     https://www.al.sp.gov.br/repositorio/legislacao/decreto/1994/decreto-39693-16.12.1994.html                                                            ";"                              https://bkpsitecpsnew.blob.core.windows.net/uploadsitecps/sites/1/2020/10/fatec_ra_sorocaba_botucatu.zip                            ";"Cursos Superiores de Tecnologia PresenciaisAgronegócioAnálise e Desenvolvimento de SistemasLogísticaProdução IndustrialRadiologiaCursos Superiores de Tecnologia EaDGestão Empresarial"
"183";"Fatec Bragança Paulista – Jornalista Omair Fagundes de Oliveira";"A Fatec foi implantada no 2º semestre de 2008.";"62.823.257/0183-00";"Campinas";"Bragança Paulista";"                Vagner Donizeti Tavares Ferreira                f183dir@cps.sp.gov.br              ";"                Rosângela Soares de Freitas                f183adm@cps.sp.gov.br              ";"                Fabiana Mie Matsuda                f183acad@cps.sp.gov.br              ";"(11) 4031-0628Discagem Abreviada: (6) 183";"                15/12              ";"Rua das Indústrias, 130 - Bairro Uberaba - CEP: 12926-674 - Bragança Paulista/SP";"https://fatecbraganca.cps.sp.gov.br/";"                                                  Facebook: https://www.facebook.com/fatecbpaulista                                                                                  Instagram: https://www.instagram.com/fatecbraganca/                                                                                  X: https://twitter.com/fatecbpaulista                                                                                  Linkedin: https://www.linkedin.com/school/fatec-faculdade-de-tecnologia-de-bragan%C3%A7a-paulista                                                                                   Youtube: https://www.youtube.com/c/fatecbragancapaulista                                                                                                                              ";"                                                                                Decreto de Criação: 53.368, de 01/09/2008 -                     https://www.al.sp.gov.br/repositorio/legislacao/decreto/2008/decreto-53368-01.09.2008.html                                    Lei de Denominação: 13.889, de 22/12/2009 -                     https://www.al.sp.gov.br/repositorio/legislacao/lei/2009/lei-13889-22.12.2009.html                                                            ";"                              https://bkpsitecpsnew.blob.core.windows.net/uploadsitecps/sites/1/2024/08/fatec_ra_campinas_braganca_paulista.zip                            ";"Cursos Superiores de Tecnologia PresenciaisAnálise e Desenvolvimento de SistemasGestão da Tecnologia da InformaçãoGestão EmpresarialGestão FinanceiraLogísticaCursos Superiores de Tecnologia EaDGestão Empresarial"
"";"Fatec Caçapava (início das atividades 1º sem/2027)";"";"";"São José dos Campos";"Caçapava";"                                dir@cps.sp.gov.br              ";"                                adm@cps.sp.gov.br              ";"                                acad@cps.sp.gov.br              ";"Discagem Abreviada: (6)";"                14/04              ";"Rodovia João Amaral Gurgel, s/n - Vila Centenário - Caçapava/SP";"";"                                                                                                                                                                              ";"                                                                                 -                                                                                 ";"                            ";"Cursos Superiores de Tecnologia PresenciaisSistemas Embarcados"
"276";"Fatec Campinas";"A Fatec foi implantada no 2º semestre de 2014";"62.823.257/0276 – 43";"Campinas";"Campinas";"                Jaime Cazuhiro Ossada                f276dir@cps.sp.gov.br              ";"                Jessica Cinthia Silva                f276adm@cps.sp.gov.br              ";"                Adriano Batista Teodoro de Almeida                f276acad@cps.sp.gov.br              ";"(19) 3216-6472 / 3216-6474Discagem Abreviada: (6) 276";"                14/07              ";"Av. Cônego Roccato, 593 - Jardim Santa Mônica - CEP: 13082-015";"http://www.fateccampinas.com.br";"                                                  Facebook: https://www.facebook.com/fateccps                                                                                  Instagram: https://www.instagram.com/fateccampinas                                                                                                  Linkedin: https://www.linkedin.com/company/fatec-campinas/                                                                                  Youtube: https://www.youtube.com/channel/UCESUAdVT1Z-6yeLVqUrrlmw                                                                                                                              ";"                                                                                Decreto de Criação: 60.320, de 01/04/2014 -                     https://www.al.sp.gov.br/repositorio/legislacao/decreto/2014/decreto-60320-01.04.2014.html                                                            ";"                              https://bkpsitecpsnew.blob.core.windows.net/uploadsitecps/sites/1/2024/08/fatec_ra_campinas_campinas.zip                            ";"Cursos Superiores de Tecnologia PresenciaisAnálise e Desenvolvimento de SistemasGestão da Tecnologia da InformaçãoGestão de Energia e Eficiência EnergéticaGestão EmpresarialLogísticaProcessos Químicos"
"174";"Fatec Capão Bonito";"A Fatec iniciou suas atividades em 2008.";"62.823.257/0174-19";"Itapeva";"Capão Bonito";"                Sonia Maria Esposte Sturaro                f174dir@cps.sp.gov.br              ";"                Edval Vantroba                f174adm@cps.sp.gov.br              ";"                Alecsandra Cristina Benatti Ferreira                f174acad@cps.sp.gov.br              ";"(15) 3542-2206 / 3542-2654Discagem Abreviada: (6) 174";"                02/04              ";"Rua Amantino de Oliveira Ramos, 60 - Terras do Embiruçu - Capão Bonito/SP";"https://fateccapaobonito.cps.sp.gov.br/";"                                                  Facebook: https://www.facebook.com/fateccb                                                                                  Instagram: https://www.instagram.com/fateccb/                                                                                  X: https://twitter.com/FatecCapao                                                                                                  Youtube: https://www.youtube.com/channel/UCEr4OrfIs-IwG7QL8lrbbqg                                                                                                                              ";"                                                                                Decreto de Criação: 52.640, de 21/01/2008 -                     https://www.al.sp.gov.br/repositorio/legislacao/decreto/2008/decreto-52640-21.01.2008.html                                                            ";"                              https://bkpsitecpsnew.blob.core.windows.net/uploadsitecps/sites/1/2020/10/fatec_ra_itapeva_capao_bonito.zip                            ";"Cursos Superiores de Tecnologia PresenciaisAgroindústriaSilviculturaCursos Superiores de Tecnologia EaDGestão Empresarial"
"143";"Fatec Carapicuíba";"A Fatec foi implantada no 1º semestre de 2006.";"62.823.257/0143-12";"Metropolitana de São Paulo";"Carapicuíba";"                Márcia Araújo                f143dir@cps.sp.gov.br              ";"                Carlos Henrique Etechebehere                f143adm@cps.sp.gov.br              ";"                Vanessa Priscila Salvador Lopes                f143acad@cps.sp.gov.br              ";"(11) 4185-6600Discagem Abreviada: (6) 143";"                26/03              ";"Av. Francisco Pignatari, 650 - Vila Gustavo Correia - CEP: 06310-390 - Carapicuíba/SP";"https://fateccarapicuiba.cps.sp.gov.br/";"                                                  Facebook: https://www.facebook.com/FatecCarapicuibaCPS                                                                                  Instagram: https://www.instagram.com/fateccarapicuiba                                                                                  X: https://twitter.com/fateccpboficial                                                                                  Linkedin: https://www.linkedin.com/school/fatec-carapicuiba                                                                                  Youtube: https://www.youtube.com/c/FatecCarapicuibaOFICIAL                                                                                                  Tiktok: https://www.tiktok.com/@fateccarapicuiba                                                                                              ";"                                                                                Decreto de Criação: 50.573, de 02/03/2006 -                     https://www.al.sp.gov.br/repositorio/legislacao/decreto/2006/decreto-50573-02.03.2006.html                                                            ";"                              https://bkpsitecpsnew.blob.core.windows.net/uploadsitecps/sites/1/2020/10/fatec_ra_metropolitana_sp_carapicuiba.zip                            ";"Cursos Superiores de Tecnologia PresenciaisAnálise e Desenvolvimento de SistemasDesign de Mídias DigitaisJogos DigitaisLogísticaSecretariadoCursos Superiores de Tecnologia EaDGestão Empresarial"
"                182              ";"Fatec Catanduva";"A Fatec foi implantada no 2º semestre de 2008";"62.823.257/0182-29";"                São José do Rio Preto                         ";"                Catanduva              ";"                Gilson José da Silva                f182dir@cps.sp.gov.br              ";"                Taís Morselli Soares                f182adm@cps.sp.gov.br              ";"                Gabriela Ignácio Dias                f182acad@cps.sp.gov.br              ";"                (17) 3524-7211 / 3524-7186                Discagem Abreviada: (6) 182              ";"                14/04              ";"Rua Maranhão, 898 - Centro - CEP: 15800-020 - Catanduva/SP";"https://fateccatanduva.cps.sp.gov.br/              ";"                                                  Facebook: https://www.facebook.com/catanduvafatec                                                                                  Instagram: https://www.instagram.com/catanduvafatec/                                                                                  X: https://twitter.com/catanduvafatec/                                                                                  Linkedin: https://www.linkedin.com/company/fatec-catanduva                                                                                  Youtube: https://www.youtube.com/channel/UCeOF8lgOAavJiYcTxdKLqaA                                                                                                  Tiktok: https://www.tiktok.com/@catanduvafatec                                                                                              ";"                                                                                Decreto de Criação: 53.369, de 01/09/2008 -                     https://www.al.sp.gov.br/repositorio/legislacao/decreto/2008/decreto-53369-01.09.2008.html                                                            ";"                              https://bkpsitecpsnew.blob.core.windows.net/uploadsitecps/sites/1/2020/10/fatec_ra_sao_jose_do_rio_preto_catanduva.zip                            ";"                                                                              Cursos Superiores de Tecnologia PresenciaisAutomação IndustrialCiência de Dados para o AgronegócioGestão da Tecnologia da InformaçãoGestão Empresarial                                                                                                      "
"                270              ";"Fatec Cotia";"A Fatec foi implantada no 1º semestre de 2014.";"62.823.257/0270-58";"                Metropolitana de São Paulo                         ";"                Cotia              ";"                Sandra Regina Chaves Nunes                f270dir@cps.sp.gov.br              ";"                Sabrina Aparecida dos Santos                f270adm@cps.sp.gov.br              ";"                Ernesto Carlos Tavares de Almeida                f270acad@cps.sp.gov.br              ";"                (11) 5699-9600                Discagem Abreviada: (6) 270              ";"                02/04              ";"Rua Nelson Raineri, 700 - Lageado - Cotia/SP";"https://fateccotia.cps.sp.gov.br/              ";"                                                  Facebook: https://www.facebook.com/fateccotia                                                                                  Instagram: https://www.instagram.com/fatec_cotia                                                                                                  Linkedin: https://www.linkedin.com/company/fatec-cotia                                                                                  Youtube: https://www.youtube.com/channel/UC0UWCe52dz9h2NduHI6YY5A                                                                                                                                                  Whatsapp: https://api.whatsapp.com/send?phone=https://api.whatsapp.com/send?phone=551146163284                                              ";"                                                                                Decreto de Criação: 60.037, de 07/01/2014 -                     https://www.al.sp.gov.br/repositorio/legislacao/decreto/2014/decreto-60037-07.01.2014.html                                                            ";"                              https://bkpsitecpsnew.blob.core.windows.net/uploadsitecps/sites/1/2020/10/fatec_ra_metropolitana_sp_cotia.zip                            ";"                                                                              Cursos Superiores de Tecnologia PresenciaisCiência de DadosComércio ExteriorDesenvolvimento de Software MultiplataformaDesign de Produto com ênfase em Processos de Produção e IndustrializaçãoGestão da Produção IndustrialGestão Empresarial                                                                                                      "
"                127              ";"Fatec Cruzeiro – Prof. Waldomiro May";"A Fatec iniciou suas atividades em 2005.";"62.823.257/0127-00";"                São José dos Campos                         ";"                Cruzeiro              ";"                Benedita Hirene de França Heringer                f127dir@cps.sp.gov.br              ";"                Pedro Otávio Tiburcio Repinaldo                f127adm@cps.sp.gov.br              ";"                Alexandre Santos Abud                f127acad@cps.sp.gov.br              ";"                (12) 3143-6571                Discagem Abreviada: (6) 127              ";"                02/10              ";"Avenida Rotary, 383 - Vila Paulista - CEP: 12701-170";"http://www.fateccruzeiro.edu.br              ";"                                                  Facebook: https://www.facebook.com/fateccruzeiro                                                                                  Instagram: https://www.instagram.com/fateccruzeiro                                                                                  X: https://twitter.com/fateccruzeiro                                                                                  Linkedin: https://www.linkedin.com/company/fateccruzeiro                                                                                  Youtube: https://www.youtube.com/user/fateccruzeiro                                                                                                                              ";"                                                                                Decreto de Criação: 50.176, de 04/11/2005 -                     https://www.al.sp.gov.br/repositorio/legislacao/decreto/2005/decreto-50176-04.11.2005.html                                    Lei de Denominação: 12.537, de 17/01/2007 -                     https://www.al.sp.gov.br/repositorio/legislacao/lei/2007/lei-12537-17.01.2007.html                                                            ";"                              https://bkpsitecpsnew.blob.core.windows.net/uploadsitecps/sites/1/2020/10/fatec_ra_sao_jose_dos_campos_cruzeiro.zip                            ";"                                                                              Cursos Superiores de Tecnologia PresenciaisAnálise e Desenvolvimento de SistemasGestão da Produção IndustrialGestão de EventosGestão EmpresarialGestão Hospitalar                                                          Cursos Superiores de Tecnologia EaDGestão Empresarial                                            "
"                307              ";"Fatec de Embu das Artes";"A Fatec foi implantada no 1º semestre de 2024.";"62.823.257/0307-84";"                Metropolitana de São Paulo                         ";"                Embu das Artes              ";"                                f307dir@cps.sp.gov.br              ";"                                f307adm@cps.sp.gov.br              ";"                                f307acad@cps.sp.gov.br              ";"                11 4785-4907 / 4785-4908                Discagem Abreviada: (6) 307              ";"                18/02              ";"Estr. Barcelona, 879 - Parque dos Caetes, Embu das Artes - SP, 06845-270";"              ";"                                                                                                                                                                              ";"                                                                                Decreto de Criação: 68.619, de 15/06/2024 -                     https://doe.sp.gov.br/executivo/decretos/decreto-n-68619-de-15-de-junho-de-2024-20240617118202388449                                                            ";"                              https://bkpsitecpsnew.blob.core.windows.net/uploadsitecps/sites/1/2024/06/fatec_ra_metropolitana_sp__embu_das_artes.zip                            ";"                                                                              Cursos Superiores de Tecnologia PresenciaisDesenvolvimento de Software MultiplataformaLogística                                                                                                      "
"                              ";"Fatec de Limeira (implantação prevista para 2027)";"";"";"                Campinas                         ";"                Limeira              ";"                                dir@cps.sp.gov.br              ";"                                adm@cps.sp.gov.br              ";"                                acad@cps.sp.gov.br              ";"                                Discagem Abreviada: (6)               ";"                15/09              ";"";"              ";"                                                                                                                                                                              ";"                                                                                Decreto de Criação: 70.431, de 10/03/2026 -                     https://doe.sp.gov.br/executivo/decretos/decreto-n-70431-de-10-de-marco-de-2026                                                            ";"                              https://bkpsitecpsnew.blob.core.windows.net/uploadsitecps/sites/1/2026/03/fatec_ra_campinas_limeira.zip                            ";"                                                                              Cursos Superiores de Tecnologia PresenciaisGestão da Tecnologia da Informação                                                                                                      "
"                217              ";"Fatec Diadema – Luigi Papaiz";"A Fatec foi implantada no 2º semestre de 2012.";"62.823.257/0217-93";"                Metropolitana de São Paulo                         ";"                Diadema              ";"                Mario Pereira Roque Filho                f217dir@cps.sp.gov.br              ";"                Francille Ferreira de Oliveira                f217adm@cps.sp.gov.br              ";"                Cláudia Regina de Carvalho Souza                f217acad@cps.sp.gov.br              ";"                (11) 4092-2328 / 4092-2471                Discagem Abreviada: (6) 217              ";"                08/12              ";"Av. Luiz Merenda, 443 - Jd. Campanário - CEP: 09931-390 - Diadema/SP";"https://fatecdiadema.cps.sp.gov.br/              ";"                                                  Facebook: https://www.facebook.com/fatec.papaiz                                                                                  Instagram: https://www.instagram.com/fatec.diadema                                                                                                                  Youtube: https://www.youtube.com/channel/UCIHVFrS3vcmUhwlEiH0TqOQ                                                                                                                              ";"                                                                                Decreto de Denominação: 51.383, de 19/12/2006 -                     https://www.al.sp.gov.br/repositorio/legislacao/decreto/2006/decreto-51383-19.12.2006.html                                    Decreto de Criação: 54.728, de 01/09/2009 -                     https://www.al.sp.gov.br/repositorio/legislacao/decreto/2009/decreto-54728-01.09.2009.html                                                            ";"                              https://bkpsitecpsnew.blob.core.windows.net/uploadsitecps/sites/1/2020/10/fatec_ra_metropolitana_sp_diadema.zip                            ";"                                                                              Cursos Superiores de Tecnologia PresenciaisCosméticosDesenvolvimento de Software MultiplataformaGestão da Produção Industrial                                                                                                      "
"                305              ";"Fatec Esportes";"A Fatec foi implantada no 2º semestre de 2023.";"62.823.257/0305-12";"                Metropolitana de São Paulo                         ";"                São Paulo              ";"                Lincoln Nogueira Marcellos                f305dir@cps.sp.gov.br              ";"                Donizete Aparecido Leandro Bezerra                f305adm@cps.sp.gov.br              ";"                Clóvis Lopes Filho                f305acad@cps.sp.gov.br              ";"                (11) 2955-1189 / (11) 2631-6584                Discagem Abreviada: (6) 305              ";"                25/01              ";"Rua Paulo Lorenzani, s/nº - Parque Novo Mundo - 02180-021 - São Paulo - SP";"https://fatecesportes.cps.sp.gov.br/              ";"                                                  Facebook: https://www.facebook.com/fatecdeesportes                                                                                  Instagram: https://www.instagram.com/fatecdeesportes/                                                                                                                                                                              ";"                                                                                Decreto de Criação: 67.816, de 19/07/2023 -                     https://www.al.sp.gov.br/repositorio/legislacao/decreto/2023/decreto-67816-19.07.2023.html                                                            ";"                              https://bkpsitecpsnew.blob.core.windows.net/uploadsitecps/sites/1/2023/04/fatec_ra_metropolitana_sp_capital_esportes.zip                            ";"                                                                              Cursos Superiores de Tecnologia PresenciaisGestão Desportiva e de Lazer                                                                                                      "
"                109              ";"Fatec Franca – Dr. Thomaz Novelino";"A Fatec iniciou suas atividades no 2º semestre de 2008.";"62.823.257/0109-10";"                Franca                         ";"                Franca              ";"                Erica Aparecida Araujo                f109dir@cps.sp.gov.br              ";"                Marisa de Macedo Seixas                f109adm@cps.sp.gov.br              ";"                Fabiana Careta                f109acad@cps.sp.gov.br              ";"                (16) 3702-3204                Discagem Abreviada: (6) 109              ";"                28/11              ";"Rua Irênio Grecco, 4580 - Vila Imperador - CEP: 14405-191 - Franca/SP";"http://fatecfranca.edu.br              ";"                                                  Facebook: https://www.facebook.com/FatecFranca                                                                                  Instagram: https://www.instagram.com/fatecfranca                                                                                  X: https://twitter.com/FatecFranca                                                                                  Linkedin: https://www.linkedin.com/school/fatec-franca/                                                                                  Youtube: https://www.youtube.com/@fatecfrancaoficial                                                                                                                                                  Whatsapp: https://api.whatsapp.com/send?phone=551637023204                                              ";"                                                                                Decreto de Criação: 39.268, de 23/09/1994 -                     https://www.al.sp.gov.br/repositorio/legislacao/decreto/1994/decreto-39268-23.09.1994.html                                    Lei de Denominação: 13.475, de 30/03/2009 -                     https://www.al.sp.gov.br/repositorio/legislacao/lei/2009/lei-13475-30.03.2009.html                                                            ";"                              https://bkpsitecpsnew.blob.core.windows.net/uploadsitecps/sites/1/2020/10/fatec_ra_franca_franca.zip                            ";"                                                                              Cursos Superiores de Tecnologia PresenciaisAnálise e Desenvolvimento de SistemasDesenvolvimento de Software MultiplataformaGestão da Produção IndustrialGestão de Recursos Humanos                                                          Cursos Superiores de Tecnologia EaDGestão Empresarial                                            "
"                294              ";"Fatec Franco da Rocha – Giuliano Cecchettini";"A Fatec foi implantada no 2º semestre de 2018.";"62.823.257.0294-25";"                Metropolitana de São Paulo                         ";"                Franco da Rocha              ";"                Paulo Helio Kanayama                f294dir@cps.sp.gov.br              ";"                Maurício Mariano Filho                f294adm@cps.sp.gov.br              ";"                Michele Duarte Maciel                f294acad@cps.sp.gov.br              ";"                (11) 4449-2007                Discagem Abreviada: (6) 294              ";"                30/11              ";"Rod. Pref. Luiz Salomão Chamma, 240 entrada principal pela, Rua Nelson Rodrigues, s/n - Pouso Alegre, Franco da Rocha - SP, 07857-050";"https://fatecfrancodarocha.cps.sp.gov.br/              ";"                                                  Facebook: https://www.facebook.com/fatecfrancodarocha                                                                                  Instagram: https://www.instagram.com/fatecfrancodarocha                                                                                                  Linkedin: https://www.linkedin.com/company/fatec-franco-da-rocha                                                                                  Youtube: https://www.youtube.com/channel/UC27-29XnRg7iFKYb2e9o4_A                                                                                                  Tiktok: https://www.tiktok.com/@fatecfrancodarocha                                                                                              ";"                                                                                Decreto de Criação: 63.294, de 21/03/2018 -                     https://www.al.sp.gov.br/repositorio/legislacao/decreto/2018/decreto-63294-21.03.2018.html                                    Lei de Denominação: 17.167, de 09/10/2019 -                     https://www.al.sp.gov.br/repositorio/legislacao/lei/2019/lei-17167-09.10.2019.html                                                            ";"                              https://bkpsitecpsnew.blob.core.windows.net/uploadsitecps/sites/1/2020/10/fatec_ra_metropolitana_sp_franco_da_rocha.zip                            ";"                                                                              Cursos Superiores de Tecnologia PresenciaisDesenvolvimento de Software MultiplataformaGestão da Tecnologia da InformaçãoGestão de Energia e Eficiência Energética                                                                                                      "
"                119              ";"Fatec Garça – Deputado Julio Julinho Marcondes de Moura";"A Fatec foi implantada no 1º semestre de 2004.";"62.823.257/0119-92";"                Marília                         ";"                Garça              ";"                Renata Aparecida de Carvalho Paschoal                f119dir@cps.sp.gov.br              ";"                Fernanda Ganzelli Barbosa Martines                f119adm@cps.sp.gov.br              ";"                Ligia Mariusso Zoliani                f119acad@cps.sp.gov.br              ";"                (14) 3471-4723 / 3588-1800                Discagem Abreviada: (6) 119              ";"                05/05              ";"Av. Presidente Vargas, 2.331 - Vila José Ribeiro - CEP: 17404-500 - Garça/SP";"https://fatecgarca.cps.sp.gov.br              ";"                                                  Facebook: https://www.facebook.com/fatecgarca                                                                                  Instagram: https://www.instagram.com/fatecgarca                                                                                  X: https://twitter.com/fatecgarca                                                                                  Linkedin: https://www.linkedin.com/company/cps-fatecgarca                                                                                  Youtube: https://www.youtube.com/channel/UCT1AEkIvDzRKXYa1BOXZXlQ                                                                                                                              ";"                                                                                Decreto de Criação: 48.433, de 07/01/2004 -                     https://www.al.sp.gov.br/repositorio/legislacao/decreto/2004/decreto-48433-07.01.2004.html                                    Lei de Denominação: 15.513 de 16/07/2014 -                     https://www.al.sp.gov.br/repositorio/legislacao/lei/2014/lei-15513-16.07.2014.html                                                            ";"                              https://bkpsitecpsnew.blob.core.windows.net/uploadsitecps/sites/1/2020/10/fatec_ra_marilia_garca.zip                            ";"                                                                              Cursos Superiores de Tecnologia PresenciaisAnálise e Desenvolvimento de SistemasGestão EmpresarialMecatrônica Industrial                                                          Cursos Superiores de Tecnologia EaDGestão Empresarial                                            "
"                106              ";"Fatec Guaratinguetá – Prof. João Mod";"A Fatec foi criada em 1994.";"62.823.257/0106-78";"                São José dos Campos                         ";"                Guaratinguetá              ";"                André Ricardo Soares Amarante                f106dir@cps.sp.gov.br              ";"                Vicente Paiva                f106adm@cps.sp.gov.br              ";"                Erica Gomes Molina                f106acad@cps.sp.gov.br              ";"                (12) 3126-2643                Discagem Abreviada: (6) 106              ";"                13/06              ";"Av. Prof. João Rodrigues Alckmin, 1.501 - Jardim Esperança - CEP: 12517-475 - Guaratinguetá/SP";"http://www.fatecguaratingueta.edu.br              ";"                                                  Facebook: https://www.facebook.com/fatecguaratinguetaof                                                                                  Instagram: https://www.instagram.com/fatecguaratingueta                                                                                  X: https://twitter.com/fatecguara                                                                                  Linkedin: https://www.linkedin.com/company/fatec-guaratinguet%C3%A1                                                                                  Youtube: https://www.youtube.com/channel/UCXdfEYBVvA9WiThGM0vP9Jg                                                                                                                              ";"                                                                                Decreto de Criação: 39.267, de 22/09/1994 -                     https://www.al.sp.gov.br/repositorio/legislacao/decreto/1994/decreto-39267-22.09.1994.html                                    Lei de Denominação: 13.583, de 25/08/2009 -                     https://www.al.sp.gov.br/repositorio/legislacao/lei/2009/lei-13583-25.08.2009.html                                                            ";"                              https://bkpsitecpsnew.blob.core.windows.net/uploadsitecps/sites/1/2020/10/fatec_ra_sao_jose_dos_campos_guaratingueta.zip                            ";"                                                                              Cursos Superiores de Tecnologia PresenciaisAnálise e Desenvolvimento de SistemasDesign de Mídias DigitaisGestão ComercialGestão da Produção IndustrialGestão da Tecnologia da InformaçãoGestão EmpresarialGestão FinanceiraLogística                                                          Cursos Superiores de Tecnologia EaDGestão Empresarial                                            "
"                              ";"Fatec Guarujá (início das atividades 1º sem/2027) ";"";"";"                Baixada Santista                         ";"                Guarujá              ";"                                dir@cps.sp.gov.br              ";"                                adm@cps.sp.gov.br              ";"                                acad@cps.sp.gov.br              ";"                                Discagem Abreviada: (6)               ";"                30/06              ";"Avenida Afonso Nunes, 345 - Jardim Boa Esperança - Guarujá/SP - CEP 11471-105 ";"              ";"                                                                                                                                                                              ";"                                                                                 -                                                                                 ";"                            ";"                                                                              Cursos Superiores de Tecnologia PresenciaisAnálise e Desenvolvimento de Sistemas                                                                                                      "
"                167              ";"Fatec Guarulhos";"A Fatec iniciou suas atividades no 2º semestre de 2007.";"62.823.257/0167-90";"                Metropolitana de São Paulo                         ";"                Guarulhos              ";"                José Martino Neto                f167dir@cps.sp.gov.br              ";"                Maria José Andrade Oliveira de Aguilar                f167adm@cps.sp.gov.br              ";"                Kelly Cristina Capana                f167acad@cps.sp.gov.br              ";"                (11) 2475-8800                Discagem Abreviada: (6) 167              ";"                20/11              ";"Rua Cristóbal Cláudio Elilo, 88 – Parque Cecap - CEP: 07190-065- Guarulhos/SP";"https://fatecguarulhos.cps.sp.gov.br/              ";"                                                  Facebook: https://www.facebook.com/profile.php?id=100063618186979                                                                                  Instagram: https://www.instagram.com/fatec_guarulhos                                                                                  X: https://twitter.com/fatec_guarulhos                                                                                  Linkedin: https://www.linkedin.com/school/fatecgru                                                                                  Youtube: https://www.youtube.com/c/FatecGuarulhossp                                                                                                  Tiktok: https://www.tiktok.com/@fatec_guarulhos                                                                                              ";"                                                                                Decreto de Criação: 52.059, de 15/08/2007 -                     https://www.al.sp.gov.br/repositorio/legislacao/decreto/2007/decreto-52059-15.08.2007.html                                                            ";"                              https://bkpsitecpsnew.blob.core.windows.net/uploadsitecps/sites/1/2020/10/fatec_ra_metropolitana_sp_guarulhos.zip                            ";"                                                                              Cursos Superiores de Tecnologia PresenciaisAnálise e Desenvolvimento de SistemasComércio ExteriorGestão da Produção IndustrialLogísticaLogística Aeroportuária                                                          Cursos Superiores de Tecnologia EaDGestão Empresarial                                            "
"                315              ";"Fatec Ilha Solteira";"";"62.823.257/0315-94";"                Araçatuba                         ";"                Araçatuba              ";"                                f315dir@cps.sp.gov.br              ";"                                f315adm@cps.sp.gov.br              ";"                                f315acad@cps.sp.gov.br              ";"                (18) 99697-9278                Discagem Abreviada: (6) 315              ";"                02/12              ";"Avenida Professor José Carlos Rossi, 1370, Bairro Cinturão Verde, Ilha Solteira, SP - CEP: 15385-470 ";"https://fatecilhasolteira.cps.sp.gov.br/              ";"                                                  Facebook: https://www.facebook.com/share/1DvHWjSpX1/                                                                                  Instagram: https://www.instagram.com/fatecilhasolteira                                                                                                  Linkedin: https://www.linkedin.com/in/fatecilhasolteira-fatec-ilha-solteira-0324a237b                                                                                  Youtube: https://www.youtube.com/@FatecIlhaSolteira                                                                                                  Tiktok: https://www.tiktok.com/@fatecilhasolteira                                                                                                                  Whatsapp: https://api.whatsapp.com/send?phone=https://wa.me/message/7VZ4YIVYLY5LO1                                              ";"                                                                                Decreto de Criação: 70.431, de 10/03/2026 -                     https://doe.sp.gov.br/executivo/decretos/decreto-n-70431-de-10-de-marco-de-2026                                                            ";"                              https://bkpsitecpsnew.blob.core.windows.net/uploadsitecps/sites/1/2025/09/fatec_ra_aracatuba_ilha_solteira.zip                            ";"                                                                              Cursos Superiores de Tecnologia PresenciaisDesenvolvimento de Software Multiplataforma                                                                                                      "
"                105              ";"Fatec Indaiatuba – Dr. Archimedes Lammoglia";"A Fatec iniciou suas atividades no 1º semestre de 1995.";"62.823.257/0105-97";"                Campinas                         ";"                Indaiatuba              ";"                José Luiz Marques                f105dir@cps.sp.gov.br              ";"                Juliene Gibim Fernandes                f105adm@cps.sp.gov.br              ";"                Miriam Takamoto Ferreira                f105acad@cps.sp.gov.br              ";"                (19) 3885-1922 / 3885-1923                Discagem Abreviada: (6) 105              ";"                09/12              ";"Rua D. Pedro I, 65 - Cidade Nova - CEP: 13334-100 - Indaiatuba/SP";"http://www.fatecid.com.br              ";"                                                  Facebook: https://www.facebook.com/fatecdeindaiatuba                                                                                  Instagram: https://www.instagram.com/fatecindaiatuba/                                                                                  X: https://twitter.com/FatecIndaiatuba                                                                                  Linkedin: https://www.linkedin.com/school/fatec-indaiatuba                                                                                  Youtube: https://www.youtube.com/c/TVDigitalFATECIndaiatuba                                                                                                  Tiktok: https://www.tiktok.com/@fatecindaiatuba                                                                                                                  Whatsapp: https://api.whatsapp.com/send?phone=5519992691700                                              ";"                                                                                Decreto de Criação: 39.326, de 04/10/1994 -                     https://www.al.sp.gov.br/repositorio/legislacao/decreto/1994/decreto-39326-04.10.1994.html                                    Decreto de Denominação: 61.428, de 13/08/2015 -                     https://www.al.sp.gov.br/repositorio/legislacao/decreto/2015/decreto-61428-13.08.2015.html                                                            ";"                              https://bkpsitecpsnew.blob.core.windows.net/uploadsitecps/sites/1/2024/08/fatec_ra_campinas_indaiatuba.zip                            ";"                                                                              Cursos Superiores de Tecnologia PresenciaisAnálise e Desenvolvimento de SistemasComércio ExteriorDesenvolvimento de Software MultiplataformaGestão de ServiçosGestão EmpresarialLogística Aeroportuária                                                          Cursos Superiores de Tecnologia EaDGestão Empresarial                                            "
"                204              ";"Fatec Ipiranga – Pastor Enéas Tognini";"A Fatec foi implantada no 1º semestre de 2010.";"62.823.257/0204-79";"                Metropolitana de São Paulo                         ";"                São Paulo              ";"                Fabiana Serralha Miranda de Pádua                f204dir@cps.sp.gov.br              ";"                Adriana Pereira da Rosa                f204adm@cps.sp.gov.br              ";"                Marcos Gonçalves de Araujo                f204acad@cps.sp.gov.br              ";"                (11) 5060-2800                Discagem Abreviada: (6) 204              ";"                25/01              ";"R. Frei João, 59 - Vila Nair - CEP: 04280-130 - Ipiranga/SP";"https://fatecipiranga.cps.sp.gov.br              ";"                                                  Facebook: https://www.facebook.com/fatecIpiranga204                                                                                  Instagram: https://www.instagram.com/fatecipirangaingram                                                                                  X: https://twitter.com/IpirangaFatec                                                                                  Linkedin: https://www.linkedin.com/company/fatec-ipiranga                                                                                  Youtube: https://www.youtube.com/c/FatecIpiranga204                                                                                                  Tiktok: https://www.tiktok.com/@fatecipiranga326                                                                                              ";"                                                                                Decreto de Criação: 53.372, de 02/09/2008 -                     https://www.al.sp.gov.br/repositorio/legislacao/decreto/2008/decreto-53372-02.09.2008.html                                    Decreto de Denominação: 62.407, de 30/12/2016 -                     https://www.al.sp.gov.br/repositorio/legislacao/decreto/2016/decreto-62407-30.12.2016.html                                                            ";"                              https://bkpsitecpsnew.blob.core.windows.net/uploadsitecps/sites/1/2020/10/fatec_ra_metropolitana_sp_capital_ipiranga.zip                            ";"                                                                              Cursos Superiores de Tecnologia PresenciaisAnálise e Desenvolvimento de SistemasBig Data para NegóciosGestão ComercialGestão de EventosGestão de Recursos Humanos                                                          Cursos Superiores de Tecnologia EaDGestão Empresarial                                            "
"                131              ";"Fatec Itapetininga – Prof. Antonio Belizandro Barbosa Rezende";"A Fatec foi implantada no 1º semestre de 2006.";"62.823.257/0131-89";"                Sorocaba                         ";"                Itapetininga              ";"                Fábio Albuquerque Entelmann                f131dir@cps.sp.gov.br              ";"                Raphaela Barbosa de Campos                f131adm@cps.sp.gov.br              ";"                Ana Carolina Ferreira Felix                f131acad@cps.sp.gov.br              ";"                (15) 3272-7916 / 3272-1165                Discagem Abreviada: (6) 131              ";"                05/11              ";"Rua Dr. João Vieira de Camargo, 104 - Vila Barth - CEP: 18205-600 - Itapetininga/SP";"https://fatecitapetininga.cps.sp.gov.br/              ";"                                                  Facebook: https://www.facebook.com/soumaisfatecitapetininga                                                                                  Instagram: https://www.instagram.com/fatecitapetininga                                                                                  X: https://twitter.com/fatecitape                                                                                                  Youtube: https://www.youtube.com/channel/UC3yflWZCVdCsO8OE2_45TqA                                                                                                                              ";"                                                                                Decreto de Criação: 50.574, de 02/03/2006 -                     https://www.al.sp.gov.br/repositorio/legislacao/decreto/2006/decreto-50574-02.03.2006.html                                    Lei de Denominação: 13.672, de 10/09/2009 -                     https://www.al.sp.gov.br/repositorio/legislacao/lei/2009/lei-13672-10.09.2009.html                                                            ";"                              https://bkpsitecpsnew.blob.core.windows.net/uploadsitecps/sites/1/2020/10/fatec_ra_sorocaba_itapetininga.zip                            ";"                                                                              Cursos Superiores de Tecnologia PresenciaisAgronegócioAnálise e Desenvolvimento de SistemasComércio ExteriorGestão AmbientalGestão da Produção Industrial                                                          Cursos Superiores de Tecnologia EaDGestão Empresarial                                            "
"                308              ";"Fatec Itapevi";"A Fatec foi implantada no 2º semestre de 2024.";"62.823.257/0308-65";"                Metropolitana de São Paulo                         ";"                Itapevi              ";"                Marcos Maia                f308dir@cps.sp.gov.br              ";"                                f308adm@cps.sp.gov.br              ";"                                f308acad@cps.sp.gov.br              ";"                (11) 4205-8900                Discagem Abreviada: (6) 308              ";"                18/02              ";"Rua Vicentina Camargo Gonçalves Oliveira, 120 - Parque Suburbano - CEP:06663-565 - Itapevi/SP";"https://fatecitapevi.cps.sp.gov.br/              ";"                                                  Facebook: https://www.facebook.com/profile.php?id=61558218407533                                                                                  Instagram: https://www.instagram.com/fatecitapevi/                                                                                                                                                                              ";"                                                                                Decreto de Criação: 68.766, de 09/08/2024 -                     https://www.doe.sp.gov.br/executivo/decretos/decreto-n-68766-de-9-de-agosto-de-2024-20240809118202502028                                                            ";"                              https://bkpsitecpsnew.blob.core.windows.net/uploadsitecps/sites/1/2024/04/fatec_ra_metropolitana_sp_itapevi.zip                            ";"                                                                              Cursos Superiores de Tecnologia PresenciaisGestão da QualidadeGestão Pública                                                                                                      "
"                278              ";"Fatec Itapira – Ogari de Castro Pacheco";"A Etec foi implantada no 2º semestre de 2009.";"62.823.257/0278-05";"                Campinas                         ";"                Itapira              ";"                André Luis Ferrari de Moura Giraldi                f278dir@cps.sp.gov.br              ";"                Josiane Borracini de Carvalho                f278adm@cps.sp.gov.br              ";"                Daniela Bellini Destro Altafini Trani                f278acad@cps.sp.gov.br              ";"                (19) 3843-1996 / (19) 3843-7537 / (19) 3843-8516 /                Discagem Abreviada: (6) 278              ";"                24/10              ";"Rua Tereza Lera Paoletti, 590 - Jardim Bela Vista - Itapira/SP";"https://fatecitapira.cps.sp.gov.br/              ";"                                                  Facebook: https://www.facebook.com/fatecitapira                                                                                  Instagram: https://www.instagram.com/fatecdeitapira                                                                                                  Linkedin: https://www.linkedin.com/company/fatec-de-itapira                                                                                  Youtube: https://www.youtube.com/@fatecdeitapiraogaridecastr2131                                                                                                                                                  Whatsapp: https://api.whatsapp.com/send?phone=https://wa.me/551938431996                                              ";"                                                                                Decreto de Criação: 60.358, de 10/04/2014 -                     https://www.al.sp.gov.br/repositorio/legislacao/decreto/2014/decreto-60358-10.04.2014.html                                    Lei de Denominação: 15.500, de 10/07/2014 -                     https://www.al.sp.gov.br/repositorio/legislacao/lei/2014/lei-15500-10.07.2014.html                                                            ";"                              https://bkpsitecpsnew.blob.core.windows.net/uploadsitecps/sites/1/2024/08/fatec_ra_campinas_itapira.zip                            ";"                                                                              Cursos Superiores de Tecnologia PresenciaisDesenvolvimento de Software MultiplataformaGestão da Produção IndustrialGestão Empresarial                                                                                                      "
"                155              ";"Fatec Itaquaquecetuba";"A Fatec foi implantada no 2º semestre de 2006.";"62.823.257/0155-56";"                Metropolitana de São Paulo                         ";"                Itaquaquecetuba              ";"                Sônia Maria Alvarez                f155dir@cps.sp.gov.br              ";"                Francisco de Assis Santos Sobrinho                f155adm@cps.sp.gov.br              ";"                Maria Cristina F. Carvalho Da Costa                f155acad@cps.sp.gov.br              ";"                (11) 4753-3221 / 4732-9800                Discagem Abreviada: (6) 155              ";"                08/09              ";"Av. Itaquaquecetuba, 711 - Vila - Monte Belo - CEP: 08577-210 - Itaquaquecetuba/SP";"https://fatecitaqua.cps.sp.gov.br/              ";"                                                  Facebook: https://www.facebook.com/fatecitaquaquecetuba                                                                                  Instagram: https://www.instagram.com/fatecitaquaquecetuba/                                                                                                  Linkedin: https://www.linkedin.com/company/fatecitaquaquecetuba-oficial                                                                                  Youtube: https://www.youtube.com/@fatecitaquaquecetuba5247                                                                                                                              ";"                                                                                Decreto de Criação: 51.330, de 05/12/2006 -                     https://www.al.sp.gov.br/repositorio/legislacao/decreto/2006/decreto-51330-05.12.2006.html                                                            ";"                              https://bkpsitecpsnew.blob.core.windows.net/uploadsitecps/sites/1/2020/10/fatec_ra_metropolitana_sp_itaquaquecetuba.zip                            ";"                                                                              Cursos Superiores de Tecnologia PresenciaisGestão ComercialGestão da Tecnologia da InformaçãoGestão de Comércio EletrônicoSecretariado                                                          Cursos Superiores de Tecnologia EaDGestão Empresarial                                            "
"                257              ";"Fatec Itaquera – Prof. Miguel Reale";"A Fatec foi implantada no 2º semestre de 2012.";"62.823.257/0257-80";"                Metropolitana de São Paulo                         ";"                São Paulo              ";"                Luís Carlos Barbosa de Oliveira                f257dir@cps.sp.gov.br              ";"                Daniele Cesar de Oliveira                f257adm@cps.sp.gov.br              ";"                Greice dos Santos Lima                f257acad@cps.sp.gov.br              ";"                (11) 2077-9800                Discagem Abreviada: (6) 257              ";"                25/01              ";"Av. Miguel Ignácio Curi, 360 - Vila Carmosina - Itaquera - CEP: 08295-005 - Itaquera/SP";"https://fatecitaquera.cps.sp.gov.br/              ";"                                                  Facebook: https://www.facebook.com/FatecItaquera                                                                                  Instagram: https://www.instagram.com/fatecitaqueraoficial/                                                                                                                   Youtube: https://www.youtube.com/c/FatecItaqueraCPS                                                                                                                              ";"                                                                                Decreto de Criação: 57.717, de 28/12/2011 -                     https://www.al.sp.gov.br/repositorio/legislacao/decreto/2011/decreto-57717-28.12.2011.html                                    Decreto de Denominação: 59.331, de 01/07/2013 -                     https://www.al.sp.gov.br/repositorio/legislacao/decreto/2013/decreto-59331-01.07.2013.html                                                            ";"                              https://bkpsitecpsnew.blob.core.windows.net/uploadsitecps/sites/1/2020/10/fatec_ra_metropolitana_sp_capital_itaquera.zip                            ";"                                                                              Cursos Superiores de Tecnologia PresenciaisAutomação IndustrialDesenvolvimento de Software MultiplataformaFabricação MecânicaManutenção IndustrialMecânica: Processos de SoldagemRefrigeração, Ventilação e Ar Condicionado                                                                                                      "
"                286              ";"Fatec Itatiba – Maria Eunice Amadeo de Almeida";"A Fatec foi implantada no 1º semestre de 2016";"628.232.57/0286-15";"                Campinas                         ";"                Itatiba              ";"                Marina Rodrigues de Aguiar                f286dir@cps.sp.gov.br              ";"                Rhamon Ferreira Rodrigues de Almeida                f286adm@cps.sp.gov.br              ";"                Carlos Alberto Rossetto Junior                f286acad@cps.sp.gov.br              ";"                (11) 4524-3221 / 94742-9484                Discagem Abreviada: (6) 286              ";"                01/11              ";"Rua Daniel Peçanha de Moraes, 220 - Jardim Salessi, Itatiba/SP CEP: 13251-140";"https://fatecdeitatiba.cps.sp.gov.br/              ";"                                                  Facebook: https://www.facebook.com/marina.santossilva.1272                                                                                  Instagram: https://www.instagram.com/fatecdeitatiba                                                                                  X: https://twitter.com/FatecDe                                                                                  Linkedin: https://www.linkedin.com/company/fatecdeitatiba/                                                                                  Youtube: https://www.youtube.com/channel/UCyaC9z9vrjF8htHMpz7gn1g                                                                                                  Tiktok: https://www.tiktok.com/@fatecdeitatibaoficial                                                                                              ";"                                                                                Decreto de Criação: 61.823, de 02/02/2016 -                     https://www.al.sp.gov.br/repositorio/legislacao/decreto/2016/decreto-61823-02.02.2016.html                                    Decreto de Denominação: 66.181, de 03/11/2021 -                     https://www.al.sp.gov.br/repositorio/legislacao/decreto/2021/decreto-66181-03.11.2021.html                                                            ";"                              https://bkpsitecpsnew.blob.core.windows.net/uploadsitecps/sites/1/2024/08/fatec_ra_campinas_itatiba.zip                            ";"                                                                              Cursos Superiores de Tecnologia PresenciaisAnálise e Desenvolvimento de SistemasDesenvolvimento de Software MultiplataformaGestão da Produção IndustrialGestão Empresarial                                                                                                      "
"                178              ";"Fatec Itu – Dom Amaury Castanho";"A Fatec iniciou suas atividades em 2008.";"62.823.257/0178-42";"                Sorocaba                         ";"                Itu              ";"                Diane Andreia de Souza Fiala                f178dir@cps.sp.gov.br              ";"                Rodrigo Barbieri                f178adm@cps.sp.gov.br              ";"                Lucas Godoy Menochelli                f178acad@cps.sp.gov.br              ";"                (11) 4813-9303                Discagem Abreviada: (6) 178              ";"                02/02              ";"Av. Tiradentes, 1.211 - Parque das Indústrias - CEP: 13309-640 - Itu/SP";"https://fatecitu.cps.sp.gov.br/              ";"                                                  Facebook: https://www.facebook.com/FatecItu                                                                                  Instagram: https://www.instagram.com/fatecitu                                                                                  X: https://twitter.com/fatecitu                                                                                  Linkedin: https://www.linkedin.com/company/fatec-itu                                                                                  Youtube: https://www.youtube.com/channel/UCHYr2718x3o4XP6E7TdOSnQ                                                                                                                              ";"                                                                                Decreto de Criação: 52.641, de 21/01/2008 -                     https://www.al.sp.gov.br/repositorio/legislacao/decreto/2008/decreto-52641-21.01.2008.html                                    Lei de Denominação: 13.237, de 01/12/2008 -                     https://www.al.sp.gov.br/repositorio/legislacao/lei/2008/lei-13237-01.12.2008.html                                                            ";"                              https://bkpsitecpsnew.blob.core.windows.net/uploadsitecps/sites/1/2020/10/fatec_ra_sorocaba_itu.zip                            ";"                                                                              Cursos Superiores de Tecnologia PresenciaisAnálise e Desenvolvimento de SistemasGestão da Tecnologia da InformaçãoGestão de EventosGestão EmpresarialMecatrônica Industrial                                                          Cursos Superiores de Tecnologia EaDGestão Empresarial                                            "
"                173              ";"Fatec Jaboticabal – Nilo de Stéfani";"A Fatec foi implantada no 1º semestre de 2008.";"62.823.257/0173-38";"                Ribeirão Preto                         ";"                Jaboticabal              ";"                João Roberto da Silva                f173dir@cps.sp.gov.br              ";"                Sandra Stefaneli                f173adm@cps.sp.gov.br              ";"                Simone Roberta Scattolin Tilelli                f173acad@cps.sp.gov.br              ";"                (16) 3202-7327 / 3202-6519                Discagem Abreviada: (6) 173              ";"                16/07              ";"Av. Eduardo Zambianchi, 31 - Vila Industrial - CEP: 14883-130 - Jaboticabal/SP";"https://www.fatecjaboticabal.edu.br/              ";"                                                  Facebook: https://www.facebook.com/fatecjaboticabal                                                                                  Instagram: https://www.instagram.com/fatecjaboticabal                                                                                  X: https://twitter.com/Fatecjab                                                                                                  Youtube: https://www.youtube.com/channel/UCv_kiksztrY_mHrA4-F23aQ?view_as=subscriber                                                                                                  Tiktok: https://www.tiktok.com/@fatec.jaboticabal                                                                                                                  Whatsapp: https://api.whatsapp.com/send?phone=5516994013617                                              ";"                                                                                Decreto de Criação: 52.642, de 21/01/2008 -                     https://www.al.sp.gov.br/repositorio/legislacao/decreto/2008/decreto-52642-21.01.2008.html                                    Lei de Denominação: 14.929, de 09/01/2013 -                     https://www.al.sp.gov.br/repositorio/legislacao/lei/2013/lei-14929-09.01.2013.html                                                            ";"                              https://bkpsitecpsnew.blob.core.windows.net/uploadsitecps/sites/1/2020/10/fatec_ra_ribeirao_preto_jaboticabal.zip                            ";"                                                                              Cursos Superiores de Tecnologia PresenciaisBiocombustíveisGestão AmbientalMarketing                                                          Cursos Superiores de Tecnologia EaDGestão Empresarial                                            "
"                258              ";"Fatec Jacareí – Professor Francisco de Moura";"A Fatec iniciou suas atividades no 1º semestre de 2012.";"62.823.257/0258-61";"                São José dos Campos                         ";"                Jacareí              ";"                Selma Candelária Genari                f258dir@cps.sp.gov.br              ";"                William Ribeiro Fonseca                f258adm@cps.sp.gov.br              ";"                Caroline Faria Alves Silva                f258acad@cps.sp.gov.br              ";"                (12) 3953-7926                Discagem Abreviada: (6) 258              ";"                03/04              ";"Av. Faria Lima, 155 - Jardim Santa Maria - CEP: 12328-070 - Jacareí/SP";"https://fatecjacarei.cps.sp.gov.br/              ";"                                                  Facebook: https://www.facebook.com/jacareifatec                                                                                  Instagram: https://www.instagram.com/fatec_jacarei                                                                                                  Linkedin: https://www.linkedin.com/company/fatec-faculdade-de-tecnologia-de-jacare%C3%AD                                                                                  Youtube: https://www.youtube.com/channel/UCUr_kAji04ek02JSK-YiFdg                                                                                                                              ";"                                                                                Decreto de Criação: 57.767, de 03/02/2012 -                     https://www.al.sp.gov.br/repositorio/legislacao/decreto/2012/decreto-57767-03.02.2012.html                                    Lei de Denominação: 16.899, de 28/12/2018 -                     https://www.al.sp.gov.br/repositorio/legislacao/lei/2018/lei-16899-28.12.2018.html                                                            ";"                              https://bkpsitecpsnew.blob.core.windows.net/uploadsitecps/sites/1/2020/10/fatec_ra_sao_jose_dos_campos_jacarei.zip                            ";"                                                                              Cursos Superiores de Tecnologia PresenciaisDesenvolvimento de Software MultiplataformaGeoprocessamentoMeio Ambiente e Recursos Hídricos                                                                                                      "
"                020              ";"Fatec Jahu";"A Fatec foi criada em 1990";"62.823.257/0020-63";"                Bauru                         ";"                Jaú              ";"                Paulo Henrique Buscariollo                f020dir@cps.sp.gov.br              ";"                João Carlos Pissuto                f020adm@cps.sp.gov.br              ";"                Isabela Nassif Ortolani Mendonça                f020acad@cps.sp.gov.br              ";"                (14) 3622-8280 / 3622-8037 / 3621-9044                Discagem Abreviada: (6) 020              ";"                15/08              ";"Rua Frei Galvão, s/nº - Jardim Pedro Ometto - CEP: 17212-599 - Jaú/SP";"http://fatecjahu.edu.br/              ";"                                                  Facebook: https://www.facebook.com/fatecjahu                                                                                  Instagram: https://www.instagram.com/fatecjahu/                                                                                  X: https://x.com/fatecjahu                                                                                                  Youtube: https://www.youtube.com/user/fatecdejau                                                                                                                              ";"                                                                                Decreto de Criação: 31.255, de 23/02/1990 -                     https://www.al.sp.gov.br/repositorio/legislacao/decreto/1990/decreto-31255-23.02.1990.html                                                            ";"                              https://bkpsitecpsnew.blob.core.windows.net/uploadsitecps/sites/1/2024/08/fatec_ra_bauru_jahu.zip                            ";"                                                                              Cursos Superiores de Tecnologia PresenciaisConstrução NavalDesenvolvimento de Software MultiplataformaGestão da Produção IndustrialGestão da Tecnologia da InformaçãoLogísticaMeio Ambiente e Recursos HídricosSistemas Navais                                                          Cursos Superiores de Tecnologia EaDGestão Empresarial                                            "
"                171              ";"Fatec Jales – Professor José Camargo";"A Fatec foi implantada no 2º semestre de 2007";"62.823.257/0171-76";"                São José do Rio Preto                         ";"                Jales              ";"                Tiago Ribeiro Carneiro                f171dir@cps.sp.gov.br              ";"                Sandra Cristina Pedrini Martino                f171adm@cps.sp.gov.br              ";"                Terezinha Gonçalves de Sá                f171acad@cps.sp.gov.br              ";"                (17) 3624-3800                Discagem Abreviada: (6) 171              ";"                15/04              ";"Rua Vicente Leporace, 2630 - Jardim Trianon - CEP: 15703-116 - Jales/SP";"http://www.fatecjales.edu.br              ";"                                                  Facebook: https://www.facebook.com/fatecjales                                                                                  Instagram: https://www.instagram.com/fatecjales                                                                                  X: https://twitter.com/fatecjales                                                                                  Linkedin: https://www.linkedin.com/company/fatecjales                                                                                  Youtube: https://www.youtube.com/c/TVFatecJales                                                                                                                              ";"                                                                                Decreto de Criação: 52.122, de 03/09/2007 -                     https://www.al.sp.gov.br/repositorio/legislacao/decreto/2007/decreto-52122-03.09.2007.html                                    Lei de Denominação: 16.205, de 20/04/2016 -                     https://www.al.sp.gov.br/repositorio/legislacao/lei/2016/lei-16205-20.04.2016.html                                                            ";"                              https://bkpsitecpsnew.blob.core.windows.net/uploadsitecps/sites/1/2020/10/fatec_ra_sao_jose_do_rio_preto_jales.zip                            ";"                                                                              Cursos Superiores de Tecnologia PresenciaisAgronegócioAnálise e Desenvolvimento de SistemasGestão EmpresarialSistemas para Internet                                                          Cursos Superiores de Tecnologia EaDGestão Empresarial                                            "
"                114              ";"Fatec Jundiaí – Deputado Ary Fossen";"A Fatec foi implantada em 2002.";"62.823.257/0114-88";"                Campinas                         ";"                Jundiaí              ";"                Benedito Cristiano Aparecido Petroni                f114dir@cps.sp.gov.br              ";"                Luciana Pereira Prado                f114adm@cps.sp.gov.br              ";"                Karina Menardo Simionato                f114acad@cps.sp.gov.br              ";"                (11) 4522-7549 / 4523-0092                Discagem Abreviada: (6) 114              ";"                14/12              ";"Av. União dos Ferroviários, 1.760 - Centro - CEP: 13201-160 - Jundiaí/S";"http://www.fatecjd.edu.br              ";"                                                  Facebook: https://www.facebook.com/FatecJundiaiOficial                                                                                  Instagram: https://www.instagram.com/fatecjd                                                                                  X: https://twitter.com/Fatec_Jundiai                                                                                  Linkedin: https://www.linkedin.com/company/fatec-jundia%C3%AD/                                                                                  Youtube: https://www.youtube.com/c/FatecJundiaíOficial                                                                                                                              ";"                                                                                Decreto de Criação: 46.929, de 19/07/2002 -                     https://www.al.sp.gov.br/repositorio/legislacao/decreto/2002/decreto-46929-19.07.2002.html                                    Lei de Denominação: 15.211 de 18/11/2013 -                     https://www.al.sp.gov.br/repositorio/legislacao/lei/2013/lei-15211-18.11.2013.html                                                            ";"                              https://bkpsitecpsnew.blob.core.windows.net/uploadsitecps/sites/1/2024/08/fatec_ra_campinas_jundiai.zip                            ";"                                                                              Cursos Superiores de Tecnologia PresenciaisAnálise e Desenvolvimento de SistemasCiência de DadosDefesa Cibernética Gestão AmbientalGestão da Tecnologia da InformaçãoGestão de EventosGestão de Logística IntegradaSistemas Embarcados                                                          Cursos Superiores de Tecnologia EaDGestão Empresarial                                            "
"                192              ";"Fatec Lins – Prof. Antonio Seabra";"A Fatec foi implantada no 2º semestre de 2008. ";"62.823.257/0192-09";"                Bauru                         ";"                Lins              ";"                Luciano Soares de Souza                f192dir@cps.sp.gov.br              ";"                Andréia Lucia Viel Frizzarini                f192adm@cps.sp.gov.br              ";"                Eliéte Marly da Silveira                f192acad@cps.sp.gov.br              ";"                (14) 3523-7745 / 3532-5182                Discagem Abreviada: (6) 192              ";"                21/04              ";"Estrada Mário Covas Junior , km 1 - Vila Guararapes, Lins - CEP: 16403-025";"https://www.fateclins.edu.br/              ";"                                                  Facebook: http://www.facebook.com/fateclins                                                                                  Instagram: http://www.instagram.com/fateclins/                                                                                                  Linkedin: https://www.linkedin.com/company/fatec-lins/                                                                                  Youtube: https://www.youtube.com/c/FatecLinsProfessorAntonioSeabra/                                                                                                                              ";"                                                                                Decreto de Criação: 53.370, de 01/09/2008 -                     https://www.al.sp.gov.br/repositorio/legislacao/decreto/2008/decreto-53370-01.09.2008.html                                    Lei de Denominação: 14.605, de 26/10/2011 -                     https://www.al.sp.gov.br/repositorio/legislacao/lei/2011/lei-14605-26.10.2011.html                                                            ";"                              https://bkpsitecpsnew.blob.core.windows.net/uploadsitecps/sites/1/2024/08/fatec_ra_bauru_lins_prof_antonio_seabra.zip                            ";"                                                                              Cursos Superiores de Tecnologia PresenciaisAnálise e Desenvolvimento de SistemasGestão da QualidadeGestão de Negócios e InovaçãoLogísticaSistemas para Internet                                                          Cursos Superiores de Tecnologia EaDGestão Empresarial                                            "
"                130              ";"Fatec Marília – Estudante Rafael Almeida Camarinha";"Fatec criada em 2006.";"62.823.257/0130-06";"                Marília                         ";"                Marília              ";"                Maurício Duarte                f130dir@cps.sp.gov.br              ";"                Marcelo da Silva Fiorini                f130adm@cps.sp.gov.br              ";"                Michele Sayuri Noda                f130acad@cps.sp.gov.br              ";"                (14) 3454-7540 / 3454-7541                Discagem Abreviada: (6) 130              ";"                04/04              ";"Av. Castro Alves, 62 - Somenzari - CEP: 17506-000 - Marília/SP";"https://fatecmarilia.cps.sp.gov.br/              ";"                                                  Facebook: https://www.facebook.com/oficialfatecmarilia                                                                                  Instagram: https://www.instagram.com/fatec_marilia                                                                                  X: https://twitter.com/MariliaFatec                                                                                  Linkedin: https://www.linkedin.com/company/fatecmarilia/                                                                                  Youtube: https://www.youtube.com/user/fatecmarilia                                                                                                                              ";"                                                                                Decreto de Criação: 50.575, de 02/03/2006 -                     https://www.al.sp.gov.br/repositorio/legislacao/decreto/2006/decreto-50575-02.03.2006.html                                    Lei de Denominação: 12.390, de 15/05/2006 -                     https://www.al.sp.gov.br/repositorio/legislacao/lei/2006/lei-12390-15.05.2006.html                                                            ";"                              https://bkpsitecpsnew.blob.core.windows.net/uploadsitecps/sites/1/2020/10/fatec_ra_marilia_marilia.zip                            ";"                                                                              Cursos Superiores de Tecnologia PresenciaisAlimentosDesenvolvimento de Software MultiplataformaGestão Comercial                                                          Cursos Superiores de Tecnologia EaDGestão Empresarial                                            "
"                297              ";"Fatec Matão – Luiz Marchesan";"Unidade criada em 2019.";"62.823.257/0297-78";"                Central                         ";"                Matão              ";"                Marcelo Rodolfo Picchi                f297dir@cps.sp.gov.br              ";"                Luzimara Fayan                f297adm@cps.sp.gov.br              ";"                Vitor Gorla Montiel                f297acad@cps.sp.gov.br              ";"                (16) 2016-2694 / 2016-2695                Discagem Abreviada: (6) 297              ";"                27/08              ";"Avenida Habib Gabriel, 1360 - Bairro Residencial Olívio Benassi - CEP: 15990-539 - Matão/SP";"https://fatecmatao.cps.sp.gov.br/              ";"                                                  Facebook: https://www.facebook.com/fatecmatao                                                                                  Instagram: https://www.instagram.com/fatecmatao                                                                                                  Linkedin: https://www.linkedin.com/school/fatecmatao                                                                                  Youtube: https://www.youtube.com/channel/UCm7alSqweOyoJ67G1eM8f0A                                                                                                                              ";"                                                                                Decreto de Criação: 64.111, de 11/02/2019 -                     https://www.al.sp.gov.br/repositorio/legislacao/decreto/2019/decreto-64111-11.02.2019.html                                    Lei de Nomeação: 17.504, 07/01/2022 -                     https://www.al.sp.gov.br/repositorio/legislacao/lei/2022/lei-17504-07.01.2022.html                                                            ";"                              https://bkpsitecpsnew.blob.core.windows.net/uploadsitecps/sites/1/2024/02/fatec_ra_central_matao.zip                            ";"                                                                              Cursos Superiores de Tecnologia PresenciaisAnálise de Processos AgroindustriaisDesenvolvimento de Software Multiplataforma                                                                                                      "
"                113              ";"Fatec Mauá";"A Fatec foi implantada em 2002. ";"62.823.257/0113-05";"                Metropolitana de São Paulo                         ";"                Mauá              ";"                Jarbas Thaunahy Santos de Almeida                f113dir@cps.sp.gov.br              ";"                Maria Estela de Lima Nunes                f113adm@cps.sp.gov.br              ";"                Robinson Mingues D’ Onofre                f113acad@cps.sp.gov.br              ";"                (11) 4543-3221 / 4543-3238 / 4519-5899                Discagem Abreviada: (6) 113              ";"                08/12              ";"Av. Antonia Rosa Fioravante, 804 - Vila Fausto Morelli - CEP: 09360-120 - Mauá/SP";"http://www.fatecmaua.com.br              ";"                                                  Facebook: https://www.facebook.com/fatecmauaoficial                                                                                  Instagram: https://www.instagram.com/fatecmauaoficial/                                                                                  X: https://twitter.com/fatecmaua                                                                                  Linkedin: https://www.linkedin.com/school/fatecmaua/                                                                                  Youtube: https://www.youtube.com/channel/UC10UMskglXfXb0yG7zZ4ikg                                                                                                                              ";"                                                                                Decreto de Criação: 46.930, de 19/07/2002 -                     https://www.al.sp.gov.br/repositorio/legislacao/decreto/2002/decreto-46930-19.07.2002.html                                                            ";"                              https://bkpsitecpsnew.blob.core.windows.net/uploadsitecps/sites/1/2020/10/fatec_ra_metropolitana_sp_maua.zip                            ";"                                                                              Cursos Superiores de Tecnologia PresenciaisDesenvolvimento de Software MultiplataformaFabricação MecânicaInformática para NegóciosLogísticaPolímeros                                                          Cursos Superiores de Tecnologia EaDGestão Empresarial                                            "
"                120              ";"Fatec Mococa";"A Fatec foi implantada em 2004.";"62.823.257/0120-26";"                Campinas                         ";"                Mococa              ";"                Adriano Dias de Carvalho                f120dir@cps.sp.gov.br              ";"                Thiago Paschoalino                f120adm@cps.sp.gov.br              ";"                Rodrigo Luiz Pereira                f120acad@cps.sp.gov.br              ";"                (19) 3656-5559 / 3665-5079 / 3665-6005 / 3665-6484                Discagem Abreviada: (6) 120              ";"                05/04              ";"Av. Dr. Américo Pereira Lima, s/nº Jardim Lavínia - CEP: 13736-260 - Mococa/SP";"https://fatecmococa.cps.sp.gov.br/              ";"                                                  Facebook: https://www.facebook.com/fatec.mococa                                                                                  Instagram: https://www.instagram.com/fatec_mococa                                                                                  X: https://twitter.com/fatec_mococa                                                                                  Linkedin: https://www.linkedin.com/company/fatecmococa                                                                                  Youtube: https://www.youtube.com/@Fatec.Mococa                                                                                                                                                  Whatsapp: https://api.whatsapp.com/send?phone=5519995055750                                              ";"                                                                                Decreto de Criação: 48.434, de 07/01/2004 -                     https://www.al.sp.gov.br/repositorio/legislacao/decreto/2004/decreto-48434-07.01.2004.html                                                            ";"                              https://bkpsitecpsnew.blob.core.windows.net/uploadsitecps/sites/1/2024/08/fatec_ra_campinas_mococa.zip                            ";"                                                                              Cursos Superiores de Tecnologia PresenciaisAgronegócioAnálise e Desenvolvimento de SistemasGestão de Recursos HumanosGestão EmpresarialSistemas para Internet                                                          Cursos Superiores de Tecnologia EaDGestão Empresarial                                            "
"                184              ";"Fatec Mogi das Cruzes";"A Fatec foi implantada no 2º semestre de 2008.";"62.823.257/0184-90";"                Metropolitana de São Paulo                         ";"                Mogi das Cruzes              ";"                Bruno Marques Panccioni                f184dir@cps.sp.gov.br              ";"                Monica Anniele Nagata do Vau                f184adm@cps.sp.gov.br              ";"                Emilene Alice Camillo                f184acad@cps.sp.gov.br              ";"                (11) 4699-2799                Discagem Abreviada: (6) 184              ";"                01/09              ";"Rua Carlos Barattino, 908 - Vila Mogilar - CEP: 08831-570 - Mogi das Cruzes/SP";"http://www.fatecmogidascruzes.com.br              ";"                                                  Facebook: https://www.facebook.com/FATECMC                                                                                  Instagram: https://www.instagram.com/fatecmc                                                                                                  Linkedin: https://www.linkedin.com/school/fatec-mogi-das-cruzes                                                                                  Youtube: https://www.youtube.com/c/FatecMogidasCruzesoficial                                                                                                                              ";"                                                                                Decreto de Criação: 53.371, de 02/09/2008 -                     https://www.al.sp.gov.br/repositorio/legislacao/decreto/2008/decreto-53371-02.09.2008.html                                                            ";"                              https://bkpsitecpsnew.blob.core.windows.net/uploadsitecps/sites/1/2020/10/fatec_ra_metropolitana_sp_mogi_das_cruzes.zip                            ";"                                                                              Cursos Superiores de Tecnologia PresenciaisAgronegócioAnálise e Desenvolvimento de SistemasGestão de Recursos HumanosLogística                                                          Cursos Superiores de Tecnologia EaDGestão Empresarial                                            "
"                163              ";"Fatec Mogi Mirim – Arthur de Azevedo";"A Fatec foi implantada no 2º semestre de 2007.";"62.823.257/0163-66";"                Campinas                         ";"                Mogi Mirim              ";"                César Eduardo Soares Bagnolo                f163dir@cps.sp.gov.br              ";"                Michele David Berra                f163adm@cps.sp.gov.br              ";"                Luciana Innarelli                f163acad@cps.sp.gov.br              ";"                (19) 3804-5390 / 3804-5360 / 3806-3139 / 3806-2181                Discagem Abreviada: (6) 163              ";"                22/10              ";"Rua Ariovaldo Silveira Franco, 567, Jardim 31 de Março - CEP: 13801-005 - Mogi Mirim/SP";"https://fatecmm.cps.sp.gov.br/              ";"                                                  Facebook: https://www.facebook.com/fatecmm                                                                                  Instagram: https://www.instagram.com/fatecmogimirim                                                                                  X: https://twitter.com/fatecmogimirim                                                                                  Linkedin: https://www.linkedin.com/school/fatec163/                                                                                  Youtube: https://www.youtube.com/c/FatecMogiMirimCanal                                                                                                                              ";"                                                                                Decreto de Criação: 51.878, de 06/06/2007 -                     https://www.al.sp.gov.br/repositorio/legislacao/decreto/2007/decreto-51878-06.06.2007.html                                    Lei de Denominação: 13.795,de 04/11/2009 -                     https://www.al.sp.gov.br/repositorio/legislacao/lei/2009/lei-13795-04.11.2009.html                                                            ";"                              https://bkpsitecpsnew.blob.core.windows.net/uploadsitecps/sites/1/2024/08/fatec_ra_campinas_mogi_mirim.zip                            ";"                                                                              Cursos Superiores de Tecnologia PresenciaisAnálise e Desenvolvimento de SistemasEngenharia MecânicaFabricação MecânicaMecatrônica IndustrialProjetos Mecânicos                                                          Cursos Superiores de Tecnologia EaDGestão Empresarial                                            "
"                312              ";"Fatec Olímpia";"";"62.823.257/0312-41";"                Barretos                         ";"                Olímpia              ";"                Rafael dos Santos Borges                f312dir@cps.sp.gov.br              ";"                                f312adm@cps.sp.gov.br              ";"                                f312acad@cps.sp.gov.br              ";"                (17) 98131-6485                Discagem Abreviada: (6) 312              ";"                02/03              ";"Av. Governador Adhemar Pereira de Barros, km3 - Recanto Bela Vista - CEP 15400-000 - Olímpia/SP";"https://fatecolimpia.cps.sp.gov.br/              ";"                                                  Facebook: https://www.facebook.com/profile.php?id=61576044720518                                                                                  Instagram: https://www.instagram.com/fatecolimpia/                                                                                                                  Youtube: https://www.youtube.com/@FatecOl%C3%ADmpia                                                                                                                              ";"                                                                                Decreto de Criação: 69.775, de 11/08/2025 -                     https://al.sp.gov.br/repositorio/legislacao/decreto/2025/decreto-69775-11.08.2025.html                                                            ";"                              https://bkpsitecpsnew.blob.core.windows.net/uploadsitecps/sites/1/2025/04/fatec_ra_barretos_olimpia.zip                            ";"                                                                              Cursos Superiores de Tecnologia PresenciaisDesenvolvimento de Software MultiplataformaGestão de Turismo                                                                                                      "
"                216              ";"Fatec Osasco – Prefeito Hirant Sanazar";"A Fatec foi implantada no 1º semestre de 2010.";"62.823.257/0216-02";"                Metropolitana de São Paulo                         ";"                Osasco              ";"                Willian Aurelio Nogueira                f216dir@cps.sp.gov.br              ";"                Stefania Felix dos Santos                f216adm@cps.sp.gov.br              ";"                Marcos Vinícios Christo                f216acad@cps.sp.gov.br              ";"                (11) 3603-9910 / 3656-0203                Discagem Abreviada: (6) 216              ";"                19/02              ";"Rua Pedro Rissato, 30 - Vila dos Remédios - CEP: 06296-220 - Osasco/SP";"https://fatecosasco.cps.sp.gov.br              ";"                                                  Facebook: https://www.facebook.com/FatecOsascoPrefeitoHirantSanazar                                                                                  Instagram: https://www.instagram.com/fatec_osasco                                                                                  X: https://twitter.com/FatecOsasco                                                                                  Linkedin: https://www.linkedin.com/company/fatecosasco                                                                                  Youtube: https://www.youtube.com/c/AconteceFATECOsasco                                                                                                                              ";"                                                                                Decreto de Criação: 54.729, de 01/09/2009 -                     https://www.al.sp.gov.br/repositorio/legislacao/decreto/2009/decreto-54729-01.09.2009.html                                    Lei de Denominação: 14.213, de 03/09/2010 -                     https://www.al.sp.gov.br/repositorio/legislacao/lei/2010/lei-14213-03.09.2010.html                                                            ";"                              https://bkpsitecpsnew.blob.core.windows.net/uploadsitecps/sites/1/2020/10/fatec_ra_metropolitana_sp_osasco.zip                            ";"                                                                              Cursos Superiores de Tecnologia PresenciaisAutomação IndustrialDesenvolvimento de Software MultiplataformaGestão FinanceiraManutenção IndustrialRedes de ComputadoresSistemas Biomédicos                                                          Cursos Superiores de Tecnologia EaDGestão Empresarial                                            "
"                021              ";"Fatec Ourinhos";"a unidade foi implantada em 1991.";"62.823.257/0021-44";"                Marília                         ";"                Ourinhos              ";"                Donizeti Aparecido Mello                f021dir@cps.sp.gov.br              ";"                Juliana Gonçalves de Oliveira Gasparoto Jardim                f021adm@cps.sp.gov.br              ";"                Penha Regina de Oliveira Messias                f021acad@cps.sp.gov.br              ";"                 (14) 3302 - 9800                Discagem Abreviada: (6) 021              ";"                13/12              ";"Av. Vitalina Marcusso, 1.400 - Campus Universitário - CEP: 19910-206 - Ourinhos/SP";"https://fatecourinhos.cps.sp.gov.br/              ";"                                                  Facebook: https://www.facebook.com/fatecourinhos.edu.br                                                                                  Instagram: https://www.instagram.com/fatecourinhos                                                                                  X: https://twitter.com/FatecOurinhos                                                                                  Linkedin: https://www.linkedin.com/school/fatecourinhos/                                                                                  Youtube: https://www.youtube.com/channel/UClolcrQcoqucg19e5ZViggA                                                                                                                              ";"                                                                                Decreto de Criação: 42.605, de 09/12/1997 -                     https://www.al.sp.gov.br/repositorio/legislacao/decreto/1997/decreto-42605-09.12.1997.html                                                            ";"                              https://bkpsitecpsnew.blob.core.windows.net/uploadsitecps/sites/1/2020/10/fatec_ra_marilia_ourinhos.zip                            ";"                                                                              Cursos Superiores de Tecnologia PresenciaisAgronegócioAnálise e Desenvolvimento de SistemasCiência de DadosJogos DigitaisSegurança da Informação                                                          Cursos Superiores de Tecnologia EaDGestão Empresarial                                            "
"                275              ";"Fatec Paraguaçu Paulista (início das atividades 1º sem/2027)";"";"";"                Marília                         ";"                Paraguaçu Paulista              ";"                                f275dir@cps.sp.gov.br              ";"                                f275adm@cps.sp.gov.br              ";"                                f275acad@cps.sp.gov.br              ";"                                Discagem Abreviada: (6) 275              ";"                12/03              ";"";"              ";"                                                                                                                                                                              ";"                                                                                 -                                                                                 ";"                            ";"                                                                              Cursos Superiores de Tecnologia PresenciaisAnálise e Desenvolvimento de Sistemas                                                                                                      "
"                313              ";"Fatec Paulínia";"";"62.823.257/0313-22";"                Campinas                         ";"                Paulínia              ";"                                f313dir@cps.sp.gov.br              ";"                                f313adm@cps.sp.gov.br              ";"                                f313acad@cps.sp.gov.br              ";"                (11) 3322-2205                Discagem Abreviada: (6) 313              ";"                28/02              ";"Avenida dos Expedicionários, 1474 - Jardim Vista Alegre Paulínia/SP";"              ";"                                                  Facebook: https://www.facebook.com/profile.php?id=61581705677854                                                                                  Instagram: https://www.instagram.com/fatecpaulinia                                                                                                                                                                              ";"                                                                                Decreto de Criação: 70.431, de 10/03/2026 -                     https://doe.sp.gov.br/executivo/decretos/decreto-n-70431-de-10-de-marco-de-2026                                                            ";"                              https://bkpsitecpsnew.blob.core.windows.net/uploadsitecps/sites/1/2025/09/fatec_ra_campinas_paulinia.zip                            ";"                                                                              Cursos Superiores de Tecnologia PresenciaisAnálise e Desenvolvimento de Sistemas                                                                                                      "
"                133              ";"Fatec Pindamonhangaba";"A Fatec foi implantada em 2006.";"62.823.257/0133-40";"                São José dos Campos                         ";"                Pindamonhangaba              ";"                Sergio Roberto Montoro                f133dir@cps.sp.gov.br              ";"                Matheus Henrique de Oliveira Ribeiro                f133adm@cps.sp.gov.br              ";"                Daniele Cristina de Andrade Freitas                f133acad@cps.sp.gov.br              ";"                (12) 3648-8756 / 3642-5648                Discagem Abreviada: (6) 133              ";"                10/07              ";"Rodovia Vereador Abel Fabrício Dias, 4.010 (SP 062) - Água Preta - CEP: 12445-010 - Pindamonhangaba/SP";"https://fatecpindamonhangaba.cps.sp.gov.br              ";"                                                  Facebook: https://www.facebook.com/FatecPinda                                                                                  Instagram: https://www.instagram.com/fatecpinda                                                                                                  Linkedin: https://www.linkedin.com/company/fatecpinda                                                                                  Youtube: https://www.youtube.com/c/FatecPinda                                                                                                                              ";"                                                                                Decreto de Criação: 50.576, de 02/03/2006 -                     https://www.al.sp.gov.br/repositorio/legislacao/decreto/2006/decreto-50576-02.03.2006.html                                                            ";"                              https://bkpsitecpsnew.blob.core.windows.net/uploadsitecps/sites/1/2020/10/fatec_ra_sao_jose_dos_campos_pidamonhangaba.zip                            ";"                                                                              Cursos Superiores de Tecnologia PresenciaisGestão de Negócios e InovaçãoManutenção IndustrialMecânica: Processos de SoldagemProcessos MetalúrgicosProjetos Mecânicos                                                          Cursos Superiores de Tecnologia EaDGestão Empresarial                                            "
"                175              ";"Fatec Piracicaba – Deputado Roque Trevisan";"A Fatec foi implantada no 1º semestre de 2008.";"62.823.257/0175-08";"                Campinas                         ";"                Piracicaba              ";"                Maria Helena Berbardo Marini                f175dir@cps.sp.gov.br              ";"                Willian Cristiano Bertini                f175adm@cps.sp.gov.br              ";"                Janaína de Oliveira                f175acad@cps.sp.gov.br              ";"                (19) 3413-1702 / 3434-7317                Discagem Abreviada: (6) 175              ";"                01/08              ";"Av. Diácono Jair de Oliveira, 651 - Santa Rosa - CEP: 13414-155 - Piracicaba/SP";"https://fatecpiracicaba.cps.sp.gov.br/              ";"                                                  Facebook: https://www.facebook.com/piracicabafatec                                                                                  Instagram: https://www.instagram.com/fatecpiracicaba                                                                                  X: https://twitter.com/FatecPiracicaba                                                                                                  Youtube: https://www.youtube.com/channel/UC_OfO6DbuZbWvS2om1encHQ                                                                                                                                                  Whatsapp: https://api.whatsapp.com/send?phone=551934131702                                              ";"                                                                                Decreto de Criação: 52.643, de 21/01/2008 -                     https://www.al.sp.gov.br/repositorio/legislacao/decreto/2008/decreto-52643-21.01.2008.html                                    Lei de Denominação: 14.655, de 26/12/2011 -                     https://www.al.sp.gov.br/repositorio/legislacao/lei/2011/lei-14655-26.12.2011.html                                                            ";"                              https://bkpsitecpsnew.blob.core.windows.net/uploadsitecps/sites/1/2024/08/fatec_ra_campinas_piracicaba.zip                            ";"                                                                              Cursos Superiores de Tecnologia PresenciaisAlimentosBiocombustíveisGestão Empresarial                                                                                                      "
"                259              ";"Fatec Pompeia – Shunji Nishimura";"A Fatec Pompeia iniciou suas atividades como campus da Fatec de Marília, no primeiro semestre de 2010. A assinatura do decreto de criação da Fatec ocorreu durante a cerimônia de inauguração do Memorial em homenagem ao criador da Fundação Nishimura, em 21 de abril de 2012.";"62.823.257.0259-42";"                Marília                         ";"                Pompeia              ";"                Marisa Silveira Almeida Renaud Faulin                f259dir@cps.sp.gov.br              ";"                Simone Yugue Kawano                f259adm@cps.sp.gov.br              ";"                Nathalha Santos May                f259acad@cps.sp.gov.br              ";"                (14) 3452-1294                Discagem Abreviada: (6) 259              ";"                17/09              ";"Av. Shunji Nishimura, 605 - Distrito Industrial - Centro - CEP: 17580-000 - Pompéia/SP";"http://www.fatecpompeia.edu.br              ";"                                                  Facebook: https://www.facebook.com/fatecshunjinishimura                                                                                  Instagram: https://www.instagram.com/fatecpompeiaoficial                                                                                                  Linkedin: https://www.linkedin.com/company/fatecpompeiaoficial                                                                                  Youtube: https://www.youtube.com/channel/UCaqyHgrF5PWoNcowZ2tdZZw                                                                                                                              ";"                                                                                Decreto de Criação: 58.004, de 24/04/2012 -                     https://www.al.sp.gov.br/repositorio/legislacao/decreto/2012/decreto-58004-24.04.2012.html                                                            ";"                              https://bkpsitecpsnew.blob.core.windows.net/uploadsitecps/sites/1/2020/10/fatec_ra_marilia_pompeia.zip                            ";"                                                                              Cursos Superiores de Tecnologia PresenciaisMecanização em Agricultura de PrecisãoSistemas Inteligentes                                                                                                      "
"                311              ";"Fatec Porto Ferreira";"";"62.823.257/0311-60";"                Central                         ";"                Porto Ferreira              ";"                Nilton Cesar Sacco                f311dir@cps.sp.gov.br              ";"                Roseane C. Dercello Mousessian                f311adm@cps.sp.gov.br              ";"                Mariele Monique Honorato Fernandes Asmus                f311acad@cps.sp.gov.br              ";"                (19) 3589-5800                Discagem Abreviada: (6) 311              ";"                29/07              ";"Rua Padre Nestor C. Maranhão, 40 - Jardim Aeroporto, Porto Ferreira - SP, 13660-000";"https://fatecportoferreira.cps.sp.gov.br/              ";"                                                                  Instagram: https://www.instagram.com/fatecportoferreira/                                                                                                                                                                              ";"                                                                                Decreto de Criação: 69.690, de 08/07/2025 -                     https://www.al.sp.gov.br/repositorio/legislacao/decreto/2025/decreto-69690-08.07.2025.html                                                            ";"                              https://bkpsitecpsnew.blob.core.windows.net/uploadsitecps/sites/1/2024/11/fatec_ra_central_porto_ferreira.zip                            ";"                                                                              Cursos Superiores de Tecnologia PresenciaisDesenvolvimento de Software MultiplataformaLogística                                                                                                      "
"                129              ";"Fatec Praia Grande";"A Fatec foi implantada no 1º semestre de 2006";"62.823.257/0129-64";"                Baixada Santista                         ";"                Praia Grande              ";"                Ulysses Camargo Corrêa Diegues                f129dir@cps.sp.gov.br              ";"                Vanusa Santos de Barros                f129adm@cps.sp.gov.br              ";"                Denise Silva de Sousa Vilar                f129acad@cps.sp.gov.br              ";"                (13) 3591-1303 / 3591-6968                Discagem Abreviada: (6) 129              ";"                19/01              ";"Praça 19 de Janeiro, 144 - Boqueirão - CEP: 11700-100 - Praia Grande/SP";"https://fatecpg.cps.sp.gov.br/              ";"                                                  Facebook: https://www.facebook.com/fatecpg                                                                                  Instagram: https://www.instagram.com/fatec.pg                                                                                  X: https://twitter.com/fatecpg                                                                                  Linkedin: https://www.linkedin.com/school/centro-paula-souza---fatec-praia-grande                                                                                  Youtube: https://www.youtube.com/channel/UC9VFl0tK4NAl92PIt5Qhggw                                                                                                                              ";"                                                                                Decreto de Criação: 50.577, de 02/03/2006 -                     https://www.al.sp.gov.br/repositorio/legislacao/decreto/2006/decreto-50577-02.03.2006.html                                                            ";"                              https://bkpsitecpsnew.blob.core.windows.net/uploadsitecps/sites/1/2024/08/fatec_ra_baixada_santista_praia_grande.zip                            ";"                                                                              Cursos Superiores de Tecnologia PresenciaisAnálise e Desenvolvimento de SistemasComércio ExteriorDesenvolvimento de Software MultiplataformaGestão EmpresarialProcessos Químicos                                                          Cursos Superiores de Tecnologia EaDGestão Empresarial                                            "
"                204              ";"Fatec Praia Grande – Maracanã (implantação prevista para 2027)";"";"";"                Baixada Santista                         ";"                Praia Grande              ";"                                f204dir@cps.sp.gov.br              ";"                                f204adm@cps.sp.gov.br              ";"                                f204acad@cps.sp.gov.br              ";"                                Discagem Abreviada: (6) 204              ";"                19/01              ";"";"              ";"                                                                                                                                                                              ";"                                                                                 -                                                                                 ";"                            ";"                                                                                                                                                                                    "
"                157              ";"Fatec Presidente Prudente";"A Fatec foi implantada no 1º semestre de 2007";"62.823.257/0157-18";"                Presidente Prudente                         ";"                Presidente Prudente              ";"                Ari Alves de Oliveira Filho                f157dir@cps.sp.gov.br              ";"                Emerson Ferreira da Silva                f157adm@cps.sp.gov.br              ";"                Rosangela de Carvalho Sufi                f157acad@cps.sp.gov.br              ";"                (18) 3916-7887 / 3917-2064                Discagem Abreviada: (6) 157              ";"                14/09              ";"Rua Teresina, 75 - Vila Paulo Roberto - CEP: 19046-230 - Presidente Prudente/SP";"https://fatecpp.cps.sp.gov.br/              ";"                                                  Facebook: https://www.facebook.com/FatecPrudente                                                                                  Instagram: https://www.instagram.com/fatecprudente                                                                                  X: https://twitter.com/FatecPrudente                                                                                  Linkedin: https://www.linkedin.com/school/fatec-presidente-prudente                                                                                  Youtube: https://www.youtube.com/user/FatecPrudente                                                                                                   Tiktok: https://www.tiktok.com/@fatecprudente                                                                                                                  Whatsapp: https://api.whatsapp.com/send?phone=5518996867331                                              ";"                                                                                Decreto de Criação: 51.331, de 05/12/2006 -                     https://www.al.sp.gov.br/repositorio/legislacao/decreto/2006/decreto-51331-05.12.2006.html                                                            ";"                              https://bkpsitecpsnew.blob.core.windows.net/uploadsitecps/sites/1/2020/10/fatec_ra_presidente_prudente_presidente_prudente.zip                            ";"                                                                              Cursos Superiores de Tecnologia PresenciaisAgronegócioAnálise e Desenvolvimento de SistemasGestão de EventosGestão EmpresarialMarketingProdução Agropecuária                                                          Cursos Superiores de Tecnologia EaDGestão Empresarial                                            "
"                299              ";"Fatec Registro";"A Fatec foi implantada no 1º semestre de 2022.";"62.823.257.0299-30";"                Registro                         ";"                Registro              ";"                Célio Daroncho                f299dir@cps.sp.gov.br              ";"                Jucilene Ribeiro Machado                f299adm@cps.sp.gov.br              ";"                José Cristiano Goes                f299acad@cps.sp.gov.br              ";"                (13) 2130-5455                Discagem Abreviada: (6) 299              ";"                30/11              ";"Av. Clara Gianotti de Souza, 257 - Centro, Registro - SP, CEP 11900-000";"https://fatecregistro.cps.sp.gov.br/              ";"                                                  Facebook: https://www.facebook.com/FatecRegistro                                                                                  Instagram: https://www.instagram.com/fatecregistro                                                                                  X: https://twitter.com/FatecRegistro                                                                                  Linkedin: https://www.linkedin.com/company/fatec-registro                                                                                                                                              ";"                                                                                Decreto de Criação: 66.596, de 24/03/2022 -                     https://www.al.sp.gov.br/repositorio/legislacao/decreto/2022/decreto-66596-24.03.2022.html                                                            ";"                              https://bkpsitecpsnew.blob.core.windows.net/uploadsitecps/sites/1/2022/02/fatec_ra_registro_registro.zip                            ";"                                                                              Cursos Superiores de Tecnologia PresenciaisDesenvolvimento de Software MultiplataformaGestão Empresarial                                                          Cursos Superiores de Tecnologia EaDGestão Empresarial                                            "
"                284              ";"Fatec Ribeirão Preto";"A Fatec foi implantada no 2º semestre de 2015";"62.823.257/0284-53";"                Ribeirão Preto                         ";"                Ribeirão Preto              ";"                Aparecido Doniseti da Costa                f284dir@cps.sp.gov.br              ";"                Roberta Miyamoto Monghini                f284adm@cps.sp.gov.br              ";"                Daniel Andrade da Cunha                f284acad@cps.sp.gov.br              ";"                (16) 3919-2320 / 3919-1871                Discagem Abreviada: (6) 284              ";"                19/06              ";"Av. Pio XII, 1255 - Vila Virginia - Ribeirão Preto/SP";"https://fatecrp.cps.sp.gov.br/              ";"                                                  Facebook: https://www.facebook.com/fatecribeirao                                                                                  Instagram: https://www.instagram.com/fatecribeiraopreto                                                                                  X: https://twitter.com/FatecRibeirao                                                                                  Linkedin: https://www.linkedin.com/school/fatecribeiraopreto                                                                                  Youtube: https://www.youtube.com/channel/UCniCNDqvtQRkMX8XiUKafUQ                                                                                                                              ";"                                                                                Decreto de Criação: 61.370, de 21/07/2015 -                     https://www.al.sp.gov.br/repositorio/legislacao/decreto/2015/decreto-61370-20.07.2015.html                                                            ";"                              https://bkpsitecpsnew.blob.core.windows.net/uploadsitecps/sites/1/2020/10/fatec_ra_ribeirao_preto_ribeirao_preto.zip                            ";"                                                                              Cursos Superiores de Tecnologia PresenciaisAnálise e Desenvolvimento de SistemasGestão de Negócios e InovaçãoGestão de Recursos HumanosSistemas Biomédicos                                                                                                      "
"                310              ";"Fatec Rio Claro – Prof. Álvares Gracioli";"";"62.823.257/0310-80";"                Campinas                         ";"                Rio Claro              ";"                Emilena Lorenzon Bianco                f310dir@cps.sp.gov.br              ";"                                f310adm@cps.sp.gov.br              ";"                                f310acad@cps.sp.gov.br              ";"                (19) 99739-3638                Discagem Abreviada: (6) 310              ";"                24/06              ";"Rua 2, nº 2.877, Vila Operária – Rio Claro";"https://fatecrioclaro.cps.sp.gov.br/              ";"                                                                  Instagram: https://www.instagram.com/fatecrc/                                                                                                                                                                              ";"                                                                                Decreto de Criação: 69.601, de 09/06/2025 -                     https://al.sp.gov.br/repositorio/legislacao/decreto/2025/decreto-69601-09.06.2025.html                                    Lei de Denominação: 17.200, de 04/11/2019 -                     https://www.al.sp.gov.br/repositorio/legislacao/lei/2019/lei-17200-04.11.2019.html                                                            ";"                              https://bkpsitecpsnew.blob.core.windows.net/uploadsitecps/sites/1/2024/11/fatec_ra_campinas_fatec_rio_claro.zip                            ";"                                                                              Cursos Superiores de Tecnologia PresenciaisGestão da Sustentabilidade Ambiental, Social e Governança CorporativaInteligência Artificial                                                                                                      "
"                283              ";"Fatec Santana de Parnaíba";"A Fatec foi implantada no 1º semestre de 2015.";"62.823.257/0283-72";"                Metropolitana de São Paulo                         ";"                Santana de Parnaíba              ";"                Ricardo Slavov                f283dir@cps.sp.gov.br              ";"                Leilane Melo de Souza                f283adm@cps.sp.gov.br              ";"                Ana Paula Freitas de Lima Gomes                f283acad@cps.sp.gov.br              ";"                (11) 2424-2757 / 2424-2754                Discagem Abreviada: (6) 283              ";"                14/11              ";"Av. Tenente Marques, 6380 - Fazendinha - CEP: 06529-001 - Santana de Panaíba/SP";"https://fatecsdp.cps.sp.gov.br/              ";"                                                  Facebook: https://www.facebook.com/fatecsdp                                                                                  Instagram: https://www.instagram.com/fatecsdp                                                                                                  Linkedin: https://www.linkedin.com/company/fatec-santana-de-parna%C3%Adba                                                                                  Youtube: https://www.youtube.com/@fatecsantanadeparnaiba                                                                                                  Tiktok: https://tiktok.com/@fatecsantanadeparnaiba                                                                                                                  Whatsapp: https://api.whatsapp.com/send?phone=5511993868094                                              ";"                                                                                Decreto de Criação: 61.110, de 03/02/2015 -                     https://www.al.sp.gov.br/repositorio/legislacao/decreto/2015/decreto-61110-03.02.2015.html                                                            ";"                              https://bkpsitecpsnew.blob.core.windows.net/uploadsitecps/sites/1/2020/10/fatec_ra_metropolitana_sp_santana_de_parnaiba.zip                            ";"                                                                              Cursos Superiores de Tecnologia PresenciaisAnálise e Desenvolvimento de SistemasCiência de DadosGestão ComercialSegurança da Informação                                                                                                      "
"                160              ";"Fatec Santo André";"A Fatec foi implantada em 2007.";"62.823.257/0160-13";"                Metropolitana de São Paulo                         ";"                Santo André              ";"                Alexsander Tressino de Carvalho                f160dir@cps.sp.gov.br              ";"                Maria Cristina Ramos Canhete dos Santos                f160adm@cps.sp.gov.br              ";"                Patricia Soares Macedo de Oliveira                f160acad@cps.sp.gov.br              ";"                (11) 4437-2215                Discagem Abreviada: (6) 160              ";"                08/04              ";"Rua Prefeito Justino Paixão, 150 - Centro - CEP: 09020-130 - Santo André/SP";"https://fatecsantoandre.cps.sp.gov.br/              ";"                                                  Facebook: https://www.facebook.com/fatecsantoandre                                                                                  Instagram: https://www.instagram.com/fatecstoandre                                                                                                  Linkedin: https://www.linkedin.com/school/fatecsantoandre                                                                                                                                              ";"                                                                                Decreto de Criação: 51.501, de 24/01/2007 -                     https://www.al.sp.gov.br/repositorio/legislacao/decreto/2007/decreto-51501-24.01.2007.html                                                            ";"                              https://bkpsitecpsnew.blob.core.windows.net/uploadsitecps/sites/1/2020/10/fatec_ra_metropolitana_sp_santo_andre.zip                            ";"                                                                              Cursos Superiores de Tecnologia PresenciaisEletrônica AutomotivaMecânica AutomobilísticaMecatrônica IndustrialSistemas Embarcados                                                                                                      "
"                126              ";"Fatec São Bernardo do Campo – Adib Moisés Dib";"A Fatec foi implantada em 2005. ";"62.823.257/0126-11";"                Metropolitana de São Paulo                         ";"                São Bernardo do Campo              ";"                Adriane Monteiro Fontana                f126dir@cps.sp.gov.br              ";"                Marcia Gorete da Silva                f126adm@cps.sp.gov.br              ";"                Thainara Fernandes Macedo Tomaz                f126acad@cps.sp.gov.br              ";"                11 4126-9801 (Whatsapp) | 4126-9802 | 4126-9803                Discagem Abreviada: (6) 126              ";"                20/08              ";"Av. Pereira Barreto, 400 - Vila Baeta Neves - CEP: 09751-000 - São Bernardo do Campo/SP";"https://fatecsbc.cps.sp.gov.br/              ";"                                                  Facebook: https://www.facebook.com/fatec.sbc                                                                                  Instagram: https://www.instagram.com/fatecsbc                                                                                  X: https://twitter.com/FATECSBC                                                                                  Linkedin: https://www.linkedin.com/school/fatecsbc                                                                                  Youtube: https://www.youtube.com/channel/UC8Ydw-5fraDzkUfPxbVb4gg                                                                                                                                                  Whatsapp: https://api.whatsapp.com/send?phone=5511941218905                                              ";"                                                                                Decreto de Criação: 49.838, de 29/07/2005 -                     https://www.al.sp.gov.br/repositorio/legislacao/decreto/2005/decreto-49838-29.07.2005.html                                    Lei de Denominação: 14.427, de 29/04/2011 -                     https://www.al.sp.gov.br/repositorio/legislacao/lei/2011/lei-14427-29.04.2011.html                                                            ";"                              https://bkpsitecpsnew.blob.core.windows.net/uploadsitecps/sites/1/2020/10/fatec_ra_metropolitana_sp_sao_bernardo.zip                            ";"                                                                              Cursos Superiores de Tecnologia PresenciaisAutomação IndustrialInformática para NegóciosManufatura Avançada                                                          Cursos Superiores de Tecnologia EaDGestão Empresarial                                            "
"                168              ";"Fatec São Caetano do Sul – Antonio Russo";"A Fatec foi criada em 2007.";"62.823.257/0168-70";"                Metropolitana de São Paulo                         ";"                São Caetano do Sul              ";"                João Carlos Lopes Fernandes                f168dir@cps.sp.gov.br              ";"                Layla Sueiro Lopes Silva                f168adm@cps.sp.gov.br              ";"                Francieli Sena Costa                f168acad@cps.sp.gov.br              ";"                (11) 4239-9500                Discagem Abreviada: (6) 168              ";"                28/07              ";"Rua Bell Aliance, 225 - Jardim São Caetano - CEP: 09581-420 - São Caetano/SP";"https://fatecsaocaetano.cps.sp.gov.br/              ";"                                                  Facebook: https://www.facebook.com/FatecSaoCaetano                                                                                  Instagram: https://www.instagram.com/fatecsaocaetano                                                                                  X: https://twitter.com/fatecsaocaetano                                                                                  Linkedin: https://www.linkedin.com/in/fatecsaocaetano                                                                                  Youtube: https://www.youtube.com/user/fatecsaocaetano                                                                                                  Tiktok: https://www.tiktok.com/@fatecsaocaetano2022                                                                                                                  Whatsapp: https://api.whatsapp.com/send?phone=551142382041                                              ";"                                                                                Decreto de Criação: 52.060, de 15/08/2007 -                     https://www.al.sp.gov.br/repositorio/legislacao/decreto/2007/decreto-52060-15.08.2007.html                                    Lei de Denominação: 15.814, de 23/04/2015 -                     https://www.al.sp.gov.br/repositorio/legislacao/lei/2015/lei-15814-23.04.2015.html                                                            ";"                              https://bkpsitecpsnew.blob.core.windows.net/uploadsitecps/sites/1/2020/10/fatec_ra_metropolitana_sp_sao_caetano_do_sul.zip                            ";"                                                                              Cursos Superiores de Tecnologia PresenciaisAnálise e Desenvolvimento de SistemasComércio ExteriorJogos DigitaisSegurança da Informação                                                          Cursos Superiores de Tecnologia EaDGestão Empresarial                                            "
"                269              ";"Fatec São Carlos";"A Fatec de São Carlos iniciou suas atividades no 1º semestre de 2014";"62.823.257/0269-14";"                Central                         ";"                São Carlos              ";"                José Roberto Garbin                f269dir@cps.sp.gov.br              ";"                Ariadne Teixeira Oliveira                f269adm@cps.sp.gov.br              ";"                Simone Martins de Melo                f269acad@cps.sp.gov.br              ";"                (16) 3307-7545                Discagem Abreviada: (6) 269              ";"                04/11              ";"Av. Araraquara, 451 Vila Brasília – CEP 13566-770 Vila Nery - São Carlos/SP";"https://fatecsaocarlos.cps.sp.gov.br/              ";"                                                                  Instagram: https://www.instagram.com/fatecsc/                                                                                                                                                                              ";"                                                                                Decreto de Criação: 59.934, de 10/12/2013 -                     https://www.al.sp.gov.br/repositorio/legislacao/decreto/2013/decreto-59934-10.12.2013.html                                                            ";"                              https://bkpsitecpsnew.blob.core.windows.net/uploadsitecps/sites/1/2020/10/fatec_ra_central_sao_carlos.zip                            ";"                                                                              Cursos Superiores de Tecnologia PresenciaisBig Data Para IndústriaGestão da Produção IndustrialGestão de Recursos HumanosGestão Empresarial                                                                                                      "
"                121              ";"Fatec São José do Rio Preto";"A Fatec foi implantada em 2004.";"62.823.257/0121-07";"                São José do Rio Preto                         ";"                São José do Rio Preto              ";"                João Carlos de Aguiar Domingues                f121dir@cps.sp.gov.br              ";"                Aline de Souza Simonato                f121adm@cps.sp.gov.br              ";"                Glaucia Alves Pereira Leal                f121acad@cps.sp.gov.br              ";"                (17) 3219-9630                Discagem Abreviada: (6) 121              ";"                19/03              ";"Rua Fernandópolis, 2.510 - Eldorado - CEP: 15043-020 - São José do Rio Preto/SP";"https://fatecriopreto.cps.sp.gov.br/              ";"                                                  Facebook: https://www.facebook.com/fatecriopreto                                                                                  Instagram: https://www.instagram.com/fatecriopreto                                                                                                  Linkedin: https://www.linkedin.com/school/fatecriopreto                                                                                  Youtube: https://www.youtube.com/c/TVFatecRioPreto                                                                                                                              ";"                                                                                Decreto de Criação: 48.435, de 07/01/2004 -                     https://www.al.sp.gov.br/repositorio/legislacao/decreto/2004/decreto-48435-07.01.2004.html                                                            ";"                              https://bkpsitecpsnew.blob.core.windows.net/uploadsitecps/sites/1/2020/10/fatec_ra_sao_jose_do_rio_preto_sao_jose_do_rio_preto.zip                            ";"                                                                              Cursos Superiores de Tecnologia PresenciaisAgronegócioAnálise e Desenvolvimento de SistemasInformática para Negócios                                                          Cursos Superiores de Tecnologia EaDGestão Empresarial                                            "
"                146              ";"Fatec São José dos Campos – Prof. Jessen Vidal";"A Fatec foi implantada no 1º semestre de 2006";"62.823.257/0146-65";"                São José dos Campos                         ";"                São José dos Campos              ";"                Luiz Antonio Tozi                f146dir@cps.sp.gov.br              ";"                Anna Hiromi Sogabe                f146adm@cps.sp.gov.br              ";"                Elisiane Alves de Oliveira                f146acad@cps.sp.gov.br              ";"                (12) 3905-4979 / 3905-2423                Discagem Abreviada: (6) 146              ";"                27/07              ";"Avenida Cesare Mansueto Giulio Lattes, 1350 - Bairro Eugênio de Melo CEP 12.247-014 São José dos Campos - SP";"http://fatecsjc-prd.azurewebsites.net/              ";"                                                  Facebook: https://www.facebook.com/fatecjessenvidal                                                                                  Instagram: https://www.instagram.com/fatecsaojosedoscampos                                                                                  X: https://twitter.com/Fjessenvidal                                                                                  Linkedin: https://www.linkedin.com/school/fatecjessenvidal                                                                                  Youtube: https://www.youtube.com/c/fatecsjcoficial                                                                                                  Tiktok: https://www.tiktok.com/@fatecjessenvidal                                                                                              ";"                                                                                Decreto de Criação: 50.580, de 02/03/2006 -                     https://www.al.sp.gov.br/repositorio/legislacao/decreto/2006/decreto-50580-02.03.2006.html                                    Lei de Denominação: 13.875, de 16/12/2009 -                     https://www.al.sp.gov.br/repositorio/legislacao/lei/2009/lei-13875-16.12.2009.html                                                            ";"                              https://bkpsitecpsnew.blob.core.windows.net/uploadsitecps/sites/1/2020/10/fatec_ra_sao_jose_dos_campos_sao_jose_dos_campos.zip                            ";"                                                                              Cursos Superiores de Tecnologia PresenciaisAnálise e Desenvolvimento de SistemasBanco de DadosDesenvolvimento de Software MultiplataformaEngenharia de ProduçãoGestão da Produção IndustrialLogísticaManufatura AvançadaManutenção de AeronavesProjetos de Estruturas Aeronáuticas                                                          Cursos Superiores de Tecnologia EaDGestão Empresarial                                            "
"                002              ";"Fatec São Paulo";"A Fatec iniciou suas atividades em 1973.";"62.823.257/0015-04";"                Metropolitana de São Paulo                         ";"                São Paulo              ";"                Josué Souza de Góis                f002dir@cps.sp.gov.br              ";"                Ione Bena de Aragão Silva                f002adm@cps.sp.gov.br              ";"                Márcia Sumiko Ito                f002acad@cps.sp.gov.br              ";"                (11) 3322-2215 / 3322-2202                Discagem Abreviada: (6) 002              ";"                25/01              ";"Av. Tiradentes, 615 - Bom Retiro - São Paulo/SP - CEP: 01124-060";"http://www.fatecsp.br              ";"                                                  Facebook: https://www.facebook.com/fatecspoficial                                                                                  Instagram: https://www.instagram.com/fatecsp                                                                                  X: https://twitter.com/fatec_sp                                                                                  Linkedin: https://www.linkedin.com/company/fatecsp                                                                                  Youtube: https://www.youtube.com/user/FatecSPOficial                                                                                                                              ";"                                                                                Lei de Criação: 06/10/1969 -                     https://www.al.sp.gov.br/repositorio/legislacao/decreto.lei/1969/decreto.lei-0-06.10.1969.html                                    Decreto de Denominação: 1.418, de 10/04/1973 -                     https://www.al.sp.gov.br/repositorio/legislacao/decreto/1973/decreto-1418-10.04.1973.html                                                            ";"                              https://bkpsitecpsnew.blob.core.windows.net/uploadsitecps/sites/1/2020/10/fatec_ra_metropolitana_sp_capital_sao_paulo.zip                            ";"                                                                              Cursos Superiores de Tecnologia PresenciaisAnálise e Desenvolvimento de SistemasConstrução Civil – EdifíciosEletrônica IndustrialEngenharia CivilEstradasFabricação MecânicaGestão da Produção IndustrialGestão da QualidadeGestão de Empreendimentos GastronômicosGestão de TurismoHidráulica e Saneamento AmbientalInstalações ElétricasMateriaisMecânica de PrecisãoMicroeletrônicaPaisagismo e JardinagemProdução CulturalProjetos MecânicosRefrigeração e ClimatizaçãoSecretariado e Assessoria InternacionalSoldagem                                                          Cursos Superiores de Tecnologia EaDGestão Empresarial                                            "
"                265              ";"Fatec de São Roque – Dr. Bernardino de Campos";"A Fatec foi implantada no 1º semestre de 2013.";"62.823.257/0265-90";"                Sorocaba                         ";"                São Roque              ";"                Renata Castro Cardias                f265dir@cps.sp.gov.br              ";"                Otávio Jorge de Moraes Jr.                f265adm@cps.sp.gov.br              ";"                José Luis Caetano Ribeiro Jr.                f265acad@cps.sp.gov.br              ";"                (11) 4712-3229 / 4712-8418                Discagem Abreviada: (6) 265              ";"                16/08              ";"Rua Marechal Deodoro da Fonseca, 132 - Centro - CEP: 18130-070 - São Roque/SP";"https://fatecsaoroque.cps.sp.gov.br              ";"                                                  Facebook: https://www.facebook.com/Fatecsr                                                                                  Instagram: https://www.instagram.com/fatecsr                                                                                  X: https://twitter.com/fatecsaoroque                                                                                  Linkedin: https://www.linkedin.com/company/fatec-s%C3%A3o-roque                                                                                  Youtube: https://www.youtube.com/c/FatecS%C3%A3oRoque265                                                                                                                              ";"                                                                                Decreto de Criação: 58.413, de 25/09/2012 -                     https://www.al.sp.gov.br/repositorio/legislacao/decreto/2012/decreto-58413-25.09.2012.html                                    Decreto de Denominação: 69.547, de 22/05/2025 -                     https://www.al.sp.gov.br/repositorio/legislacao/decreto/2025/decreto-69547-22.05.2025.html                                                            ";"                              https://bkpsitecpsnew.blob.core.windows.net/uploadsitecps/sites/1/2020/10/fatec_ra_sorocaba_sao_roque.zip                            ";"                                                                              Cursos Superiores de Tecnologia PresenciaisGastronomiaGestão ComercialGestão de Empreendimentos GastronômicosGestão de TurismoSistemas para Internet                                                                                                      "
"                189              ";"Fatec São Sebastião – São Sebastião";"A Fatec foi implantada no 1º semestre de 2009.";"62.823.257/0189-03";"                São José dos Campos                         ";"                São Sebastião              ";"                Daniel Roberto Jung                f189dir@cps.sp.gov.br              ";"                                f189adm@cps.sp.gov.br              ";"                Carla de França Pereira                f189acad@cps.sp.gov.br              ";"                (12) 3892-3015 / 3892-5767                Discagem Abreviada: (6) 189              ";"                16/03              ";"Rua Ítalo Nascimento, 366 - Porto Grande - CEP: 11600-970 - São Sebastião/SP";"https://fatecsaosebastiao.cps.sp.gov.br/              ";"                                                  Facebook: https://www.facebook.com/fatec.ss                                                                                  Instagram: https://www.instagram.com/fatecsaosebastiao                                                                                  X: https://twitter.com/FatecSS                                                                                  Linkedin: https://www.linkedin.com/company/fatecsaosebastiao                                                                                  Youtube: https://www.youtube.com/c/FatecS%C3%A3oSebasti%C3%A3olive                                                                                                                                                  Whatsapp: https://api.whatsapp.com/send?phone=https://whatsapp.com/channel/0029VaRu8a9BA1f0Hgh3iF17                                              ";"                                                                                Decreto de Criação: 53.373, de 02/09/2008 -                     https://www.al.sp.gov.br/repositorio/legislacao/decreto/2008/decreto-53373-02.09.2008.html                                                            ";"                              https://bkpsitecpsnew.blob.core.windows.net/uploadsitecps/sites/1/2020/10/fatec_ra_sao_jose_dos_campos_sao_sebastiao.zip                            ";"                                                                              Cursos Superiores de Tecnologia PresenciaisAnálise e Desenvolvimento de SistemasGestão da Tecnologia da InformaçãoGestão EmpresarialMarketing                                                          Cursos Superiores de Tecnologia EaDGestão Empresarial                                            "
"                272              ";"Fatec Sebrae";"A Fatec iniciou suas atividades no 1º semestre de 2014.";"62.823.257/0272-10";"                Metropolitana de São Paulo                         ";"                São Paulo              ";"                Roberto Padilha Móia                f272dir@cps.sp.gov.br              ";"                Bianca dos Santos Oliveira                f272adm@cps.sp.gov.br              ";"                Marco Aurélio Costa de Carvalho                f272acad@cps.sp.gov.br              ";"                (11) 3224-1266                Discagem Abreviada: (6) 272              ";"                25/01              ";"Alameda Nothman 598 - Campos Elíseos - CEP: 01216-000 - São Paulo/SP";"https://fatecsebrae.cps.sp.gov.br/              ";"                                                  Facebook: https://www.facebook.com/FatecSebrae                                                                                  Instagram: https://www.instagram.com/fatecsebrae                                                                                  X: https://twitter.com/FatecSebrae                                                                                  Linkedin: https://www.linkedin.com/school/fatec-sebrae                                                                                  Youtube: https://www.youtube.com/c/fatecsebrae                                                                                                  Tiktok: https://www.tiktok.com/@fatecsebrae                                                                                              ";"                                                                                Decreto de Criação: 60.078, de 17/01/2014 -                     https://www.al.sp.gov.br/repositorio/legislacao/decreto/2014/decreto-60078-17.01.2014.html                                                            ";"                              https://bkpsitecpsnew.blob.core.windows.net/uploadsitecps/sites/1/2020/10/fatec_ra_metropolitana_sp_capital_sebrae.zip                            ";"                                                                              Cursos Superiores de Tecnologia PresenciaisCiência de Dados para NegóciosGestão de Negócios e InovaçãoMarketing                                                                                                      "
"                176              ";"Fatec Sertãozinho – Deputado Waldyr Alceu Trigo";"A Fatec foi implantada no 1º semestre de 2008";"62.823.257/0176-80";"                Ribeirão Preto                         ";"                Sertãozinho              ";"                Celso Luiz Franzotti                f176dir@cps.sp.gov.br              ";"                Tahila Lobo Bezerra                f176adm@cps.sp.gov.br              ";"                Edinéia Carolina Gonzaga Miessa                f176acad@cps.sp.gov.br              ";"                (16) 3942-5806                Discagem Abreviada: (6) 176              ";"                05/12              ";"Rua Jordão Borghetti, 480 - Jardim Recreio - Sertãozinho/SP";"https://fatecsertaozinho.cps.sp.gov.br/              ";"                                                  Facebook: https://www.facebook.com/faculdadetecnologiasertaozinho                                                                                  Instagram: https://www.instagram.com/fatecsertaozinho                                                                                  X: https://twitter.com/FATECSTZ                                                                                  Linkedin: https://www.linkedin.com/in/fatecsertaozinho                                                                                  Youtube: https://www.youtube.com/c/TVFatec                                                                                                  Tiktok: https://www.tiktok.com/@fatecsertaozinho                                                                                                                  Whatsapp: https://api.whatsapp.com/send?phone=5516988667714                                              ";"                                                                                Decreto de Criação: 52.644, de 21/01/2008 -                     https://www.al.sp.gov.br/repositorio/legislacao/decreto/2008/decreto-52644-21.01.2008.html                                    Decreto de Denominação: 61.427, de 13/08/2015 -                     https://www.al.sp.gov.br/repositorio/legislacao/decreto/2015/decreto-61427-13.08.2015.html                                                            ";"                              https://bkpsitecpsnew.blob.core.windows.net/uploadsitecps/sites/1/2020/10/fatec_ra_ribeirao_preto_sertaozinho.zip                            ";"                                                                              Cursos Superiores de Tecnologia PresenciaisGestão da Produção IndustrialGestão EmpresarialManutenção IndustrialMecânica: Processos de SoldagemMecatrônica Industrial                                                          Cursos Superiores de Tecnologia EaDGestão Empresarial                                            "
"                              ";"Fatec Socorro (início das atividades 1º sem/2027)";"";"";"                                         ";"                              ";"                                dir@cps.sp.gov.br              ";"                                adm@cps.sp.gov.br              ";"                                acad@cps.sp.gov.br              ";"                                Discagem Abreviada: (6)               ";"                              ";"Avenida das Palmeira, 26 - Bela Vista - Socorro/SP CEP: 13960-000";"              ";"                                                                                                                                                                              ";"                                                                                 -                                                                                 ";"                            ";"                                                                              Cursos Superiores de Tecnologia PresenciaisDesenvolvimento de Software Multiplataforma                                                                                                      "
"                003              ";"Fatec Sorocaba – José Crespo Gonzales";"A Fatec foi implantada no 1º semestre de 1971";"62.823.257/0002-81";"                Sorocaba                         ";"                Sorocaba              ";"                Luiz Carlos Rosa                f003dir@cps.sp.gov.br              ";"                Adriana Cristina de Barros                f003adm@cps.sp.gov.br              ";"                Lucas Gabriel Brito de Oliveira                f003acad@cps.sp.gov.br              ";"                (15) 3238-5266 / 3228-2366 / 3228-2370                Discagem Abreviada: (6) 003              ";"                15/08              ";"Av. Eng. Carlos Reinaldo Mendes, 2.015 - Alto da Boa Vista - CEP: 18013-280 - Sorocaba/SP";"https://fatecsorocaba.cps.sp.gov.br/              ";"                                                  Facebook: https://www.facebook.com/fatecsorocaba                                                                                  Instagram: https://www.instagram.com/fatecsorocaba/                                                                                                  Linkedin: https://www.linkedin.com/school/fatecsorocaba                                                                                  Youtube: https://www.youtube.com/c/FatecSorocabaoficial                                                                                                                              ";"                                                                                Decreto-Lei de Criação: 243, de 20/05/1970 -                     https://www.al.sp.gov.br/repositorio/legislacao/decreto.lei/1970/decreto.lei-243-20.05.1970.html                                    Lei de Denominação: 14.615, de 09/11/2011 -                     https://www.al.sp.gov.br/repositorio/legislacao/lei/2011/lei-14615-09.11.2011.html                                                            ";"                              https://bkpsitecpsnew.blob.core.windows.net/uploadsitecps/sites/1/2020/10/fatec_ra_sorocaba_sorocaba.zip                            ";"                                                                              Cursos Superiores de Tecnologia PresenciaisAnálise e Desenvolvimento de SistemasEletrônica AutomotivaFabricação MecânicaGestão da QualidadeLogísticaManufatura AvançadaManutenção de AeronavesPolímerosProcessos MetalúrgicosProjetos MecânicosSistemas Biomédicos                                                          Cursos Superiores de Tecnologia EaDGestão Empresarial                                            "
"                296              ";"Fatec Sumaré";"A Fatec foi implantada no 2º semestre de 2018.";"62.823.257/0296-97";"                Campinas                         ";"                Sumaré              ";"                Luciano Aparecido Xavier                f296dir@cps.sp.gov.br              ";"                Laurentina Alves Figueiredo                f296adm@cps.sp.gov.br              ";"                Quézia Barroso Silva Taver                f296acad@cps.sp.gov.br              ";"                (19) 3903-9401                Discagem Abreviada: (6) 296              ";"                26/07              ";"Rua Rafael Rossi, 197 Jardim Luiz Cia CEP 13175-270";"https://fatecsumare.cps.sp.gov.br/              ";"                                                  Facebook: https://www.facebook.com/FATECSum                                                                                  Instagram: https://www.instagram.com/fatecsumareoficial                                                                                                  Linkedin: https://www.linkedin.com/school/fatecsumareoficial/                                                                                  Youtube: https://www.youtube.com/channel/UC7C-w7HTyVoYhqc0Z2ImUuA                                                                                                                              ";"                                                                                Decreto de Criação: 63.608, de 30/07/2018 -                     https://www.al.sp.gov.br/repositorio/legislacao/decreto/2018/decreto-63608-30.07.2018.html                                                            ";"                              https://bkpsitecpsnew.blob.core.windows.net/uploadsitecps/sites/1/2024/08/fatec_ra_campinas_sumare.zip                            ";"                                                                              Cursos Superiores de Tecnologia PresenciaisDesign GráficoGestão de Logística IntegradaGestão de Negócios e InovaçãoGestão de Recursos Humanos                                                                                                      "
"                316              ";"Fatec Suzano";"";"62.823.257/0316-75";"                Metropolitana de São Paulo                         ";"                Suzano              ";"                                f316dir@cps.sp.gov.br              ";"                                f316adm@cps.sp.gov.br              ";"                                f316acad@cps.sp.gov.br              ";"                (11) 99916-5345                Discagem Abreviada: (6) 316              ";"                02/04              ";"Av. Mogi das Cruzes, 1508 - Parque Suzano, Suzano - SP - CEP: 08673-010";"https://fatecsuzano.cps.sp.gov.br/              ";"                                                  Facebook: https://www.facebook.com/profile.php?id=61580481415064                                                                                  Instagram: https://www.instagram.com/fatecsuzano/                                                                                                                                                                              ";"                                                                                Decreto de Criação: 70.431, de 10/03/2026 -                     https://doe.sp.gov.br/executivo/decretos/decreto-n-70431-de-10-de-marco-de-2026                                                            ";"                              https://bkpsitecpsnew.blob.core.windows.net/uploadsitecps/sites/1/2025/09/fatec_ra_metropolitana_sp_suzano.zip                            ";"                                                                              Cursos Superiores de Tecnologia PresenciaisGestão da Produção IndustrialRedes de Computadores                                                                                                      "
"                022              ";"Fatec Taquaritinga";"A Fatec foi implantada no 2º semestre de 1992.";"62.823.257/0022-25";"                Central                         ";"                Taquaritinga              ";"                Luciana Aparecida Ferrarezi                f022dir@cps.sp.gov.br              ";"                Crediano Maria de Sousa                f022adm@cps.sp.gov.br              ";"                Lucia Elena Pinsetta                f022acad@cps.sp.gov.br              ";"                (16) 3252-5250 / 3252-5193 / 3252-5152                Discagem Abreviada: (6) 022              ";"                16/08              ";"Av. Dr. Flávio Henrique Lemos, 585 - Portal Itamaracá - CEP: 15900-000 - Taquaritinga/SP";"https://fatectq.cps.sp.gov.br/              ";"                                                  Facebook: https://www.facebook.com/fatec.taquaritinga                                                                                  Instagram: https://www.instagram.com/fatectq                                                                                                  Linkedin: https://www.linkedin.com/school/fatec-taquaritinga                                                                                  Youtube: https://www.youtube.com/user/FatecTaquaritinga                                                                                                                              ";"                                                                                Decreto de Criação: 35.236, de 01/07/1992 -                     https://www.al.sp.gov.br/repositorio/legislacao/decreto/1992/decreto-35236-01.07.1992.html                                                            ";"                              https://bkpsitecpsnew.blob.core.windows.net/uploadsitecps/sites/1/2020/10/fatec_ra_central_taquaritinga.zip                            ";"                                                                              Cursos Superiores de Tecnologia PresenciaisAgronegócioAnálise e Desenvolvimento de SistemasGestão da Produção IndustrialSistemas para Internet                                                          Cursos Superiores de Tecnologia EaDGestão Empresarial                                            "
"                250              ";"Fatec Tatuapé – Victor Civita";"A Fatec foi implantada no 2º semestre de 2011.";"62.823.257/0250-04";"                Metropolitana de São Paulo                         ";"                São Paulo              ";"                Melina Kayoko Itokazu Hara                f250dir@cps.sp.gov.br              ";"                Deise Cristina Silva Neres                f250adm@cps.sp.gov.br              ";"                Maurício Alexandre Affonso                f250acad@cps.sp.gov.br              ";"                (11) 2293-1220 / 2093-9053                Discagem Abreviada: (6) 250              ";"                25/01              ";"Rua Antônio de Barros, 800 - Tatuapé - 03401-000 - Tatuapé/SP";"https://fatectatuape.cps.sp.gov.br/              ";"                                                  Facebook: https://www.facebook.com/fatectatuape                                                                                  Instagram: https://www.instagram.com/fatectatuape                                                                                                  Linkedin: https://www.linkedin.com/company/fatecvictorcivitatatuape                                                                                  Youtube: https://www.youtube.com/c/FatecTatuap%C3%A9VictorCivita                                                                                                                              ";"                                                                                Decreto de Criação: 56.700, de 31/01/2011 -                     https://www.al.sp.gov.br/repositorio/legislacao/decreto/2011/decreto-56700-31.01.2011.html                                    Decreto de Denominação: 56.631, de 29/12/2010 -                     https://www.al.sp.gov.br/repositorio/legislacao/decreto/2010/decreto-56631-29.12.2010.html                                                            ";"                              https://bkpsitecpsnew.blob.core.windows.net/uploadsitecps/sites/1/2020/10/fatec_ra_metropolitana_sp_capital_tatuape.zip                            ";"                                                                              Cursos Superiores de Tecnologia PresenciaisConstrução de EdifíciosControle de ObrasDesign de Produto com ênfase em Processos de Produção e IndustrializaçãoTransporte Terrestre                                                          Cursos Superiores de Tecnologia EaDGestão Empresarial                                            "
"                132              ";"Fatec Tatuí – Prof. Wilson Roberto Ribeiro de Camargo";"A Fatec foi Implantada no 1º semestre de 2006,";"62.823.257/0132-60";"                Sorocaba                         ";"                Tatuí              ";"                Anderson Luiz de Souza                f132dir@cps.sp.gov.br              ";"                Cidelise Águida de Oliveira Lima                f132adm@cps.sp.gov.br              ";"                Eliana Teodoro dos Santos                f132acad@cps.sp.gov.br              ";"                (15) 3205-7780                Discagem Abreviada: (6) 132              ";"                11/08              ";"Rodovia Mario Batista Mori, 971 - Jardim Aeroporto - Tatuí/SP";"https://fatectatui.cps.sp.gov.br/              ";"                                                  Facebook: https://www.facebook.com/fatectatui                                                                                  Instagram: https://www.instagram.com/fatectatui                                                                                  X: https://twitter.com/fatec_tatui                                                                                  Linkedin: https://www.linkedin.com/school/fatectatui                                                                                  Youtube: https://www.youtube.com/c/FatecTatu%C3%AD132                                                                                                  Tiktok: https://www.tiktok.com/@fatectatui                                                                                              ";"                                                                                Decreto de Criação: 50.578, de 02/03/2006 -                     https://www.al.sp.gov.br/repositorio/legislacao/decreto/2006/decreto-50578-02.03.2006.html                                    Lei de Denominação: 12.887, de 03/04/2008 -                     https://www.al.sp.gov.br/repositorio/legislacao/lei/2008/lei-12874-02.04.2008.html                                                            ";"                              https://bkpsitecpsnew.blob.core.windows.net/uploadsitecps/sites/1/2020/10/fatec_ra_sorocaba_tatui.zip                            ";"                                                                              Cursos Superiores de Tecnologia PresenciaisAutomação IndustrialGestão da Tecnologia da InformaçãoGestão EmpresarialManutenção IndustrialProdução Fonográfica                                                                                                      "
"                251              ";"Fatec Taubaté";"A Fatec iniciou suas atividades no 2º semestre de 2011.";"62.823.257/0251-95";"                São José dos Campos                         ";"                Taubaté              ";"                Michel Robert Veiga                f251dir@cps.sp.gov.br              ";"                Cecília Daiana Monteiro de Toledo                f251adm@cps.sp.gov.br              ";"                Adriana Lopes dos Santos                f251acad@cps.sp.gov.br              ";"                (12) 3602-2708 / 3602-2709                Discagem Abreviada: (6) 251              ";"                05/02              ";"Av. Tomé Portes Del Rei, 525 - Vila São José - CEP: 12070-610 - Taubaté/SP";"https://fatectaubate.cps.sp.gov.br/              ";"                                                  Facebook: https://www.facebook.com/fatectaubate                                                                                  Instagram: https://www.instagram.com/fatectaubate                                                                                                  Linkedin: https://www.linkedin.com/school/fatec-taubat%C3%A9                                                                                  Youtube: https://www.youtube.com/channel/UCp9GiDSm9sI-7_2mAkNVAoQ                                                                                                  Tiktok: https://www.tiktok.com/@FatecTaubate                                                                                              ";"                                                                                Decreto de Criação: 56.701, de 31/01/2011 -                     https://www.al.sp.gov.br/repositorio/legislacao/decreto/2011/decreto-56701-31.01.2011.html                                                            ";"                              https://bkpsitecpsnew.blob.core.windows.net/uploadsitecps/sites/1/2020/10/fatec_ra_sao_jose_dos_campos_taubate.zip                            ";"                                                                              Cursos Superiores de Tecnologia PresenciaisAnálise e Desenvolvimento de SistemasEletrônica AutomotivaGestão de Recursos Humanos                                                          Cursos Superiores de Tecnologia EaDGestão Empresarial                                            "
"                              ";"Fatec Teodoro Sampaio (início das atividades 1º sem/2027) ";"";"";"                Presidente Prudente                         ";"                Teodoro Sampaio              ";"                                dir@cps.sp.gov.br              ";"                                adm@cps.sp.gov.br              ";"                                acad@cps.sp.gov.br              ";"                                Discagem Abreviada: (6)               ";"                21/03              ";"Avenida Osório Lopes Corado, 1521 - Jardim Paulista - Teodoro Sampaio/SP CEP: 19280-000";"              ";"                                                                                                                                                                              ";"                                                                                 -                                                                                 ";"                            ";"                                                                              Cursos Superiores de Tecnologia PresenciaisGestão Empresarial                                                                                                      "
"                301              ";"Fatec Benedicto Pagliato – Votorantim";"A Fatec foi implantada no 1º semestre de 2023.";"62.823.257/0301-99";"                Sorocaba                         ";"                Votorantim              ";"                Mauro Tomazela                f301dir@cps.sp.gov.br              ";"                Adriana Cristina de Barros                f301adm@cps.sp.gov.br              ";"                Eliana Theodoro dos Santos                f301acad@cps.sp.gov.br              ";"                                Discagem Abreviada: (6) 301              ";"                08/12              ";"Av. Juscelino Kubitschek de Oliveira, 279 - Protestantes - CEP: 18110-008 - Votorantim/SP";"https://fatecvotorantim.cps.sp.gov.br/              ";"                                                  Facebook: https://www.facebook.com/fatec.vot                                                                                  Instagram: https://www.instagram.com/fatec.votorantim/                                                                                                  Linkedin: https://www.linkedin.com/in/fatec-votorantim                                                                                                                                              ";"                                                                                Decreto de Criação: 67.474, de 06/02/2023 -                     https://www.al.sp.gov.br/repositorio/legislacao/decreto/2023/decreto-67474-06.02.2023.html                                    Lei de Denominação: 18.193, de 01/09/2025 -                     https://www.al.sp.gov.br/repositorio/legislacao/lei/2025/lei-18193-01.09.2025.html                                                            ";"                              https://bkpsitecpsnew.blob.core.windows.net/uploadsitecps/sites/1/2023/02/fatec_ra_sorocaba_votorantim.zip                            ";"                                                                              Cursos Superiores de Tecnologia PresenciaisCiência de Dados para NegóciosControle de ObrasDesenvolvimento de Software Multiplataforma                                                                                                      "
"                111              ";"Fatec Zona Leste";"A Fatec iniciou suas atividades no 1º semestre de 2002.";"62.823.257/0111-35";"                Metropolitana de São Paulo                         ";"                São Paulo              ";"                João Roberto Maiellaro                f111dir@cps.sp.gov.br              ";"                Tatiane Albanese Frateli Monteiro                f111adm@cps.sp.gov.br              ";"                Leticia Carrara Rodrigues                f111acad@cps.sp.gov.br              ";"                (11) 2040-4100                Discagem Abreviada: (6) 111              ";"                25/01              ";"Av. Aguia de Haia, 2.983 - Cidade A. E. Carvalho - 03401-000 - São Paulo/SP";"https://fateczl.cps.sp.gov.br/              ";"                                                  Facebook: https://www.facebook.com/fateczl.oficial                                                                                  Instagram: https://www.instagram.com/fateczl.oficial                                                                                  X: https://twitter.com/Fateczl_oficial                                                                                  Linkedin: https://www.linkedin.com/school/faculdade-de-tecnologia-zona-leste-fatec-zl                                                                                  Youtube: https://www.youtube.com/c/FatecZLeste                                                                                                  Tiktok: https://www.tiktok.com/@fateczl.oficial                                                                                              ";"                                                                                Decreto de Criação: 54.659, de 10/08/2009 -                     https://www.al.sp.gov.br/repositorio/legislacao/decreto/2009/decreto-54659-10.08.2009.html                                                            ";"                              https://bkpsitecpsnew.blob.core.windows.net/uploadsitecps/sites/1/2020/10/fatec_ra_metropolitana_sp_capital_zona_leste.zip                            ";"                                                                              Cursos Superiores de Tecnologia PresenciaisAnálise e Desenvolvimento de SistemasComércio ExteriorDesenvolvimento de Software MultiplataformaGestão de Recursos HumanosGestão EmpresarialLogísticaPolímeros                                                          Cursos Superiores de Tecnologia EaDGestão Empresarial                                            "
"                137              ";"Fatec Zona Sul – Dom Paulo Evaristo Arns";"Fatec criada em 2006.";"62.823.257/0137-74";"                Metropolitana de São Paulo                         ";"                São Paulo              ";"                Alex Macedo de Araujo                f137dir@cps.sp.gov.br              ";"                Andreson Tadeu dos Reis                f137adm@cps.sp.gov.br              ";"                Michele Ramalho Dias                f137acad@cps.sp.gov.br              ";"                (11) 5851-5829 / 5851-8949                Discagem Abreviada: (6) 137              ";"                25/01              ";"Rua Frederico Grotte, 322 - Jardim São Luiz - CEP: 05818-270 - São Paulo/SP";"http://www.fateczonasul.edu.br              ";"                                                  Facebook: https://www.facebook.com/fateczonasuloficial                                                                                  Instagram: https://www.instagram.com/fateczonasul_oficial                                                                                  X: https://twitter.com/FatecZonaSul                                                                                  Linkedin: https://www.linkedin.com/school/fatec-zona-sul                                                                                                                  Tiktok: https://www.tiktok.com/@fateczonasuloficial                                                                                              ";"                                                                                Decreto de Criação: 50.579, de 02/03/2006 -                     https://www.al.sp.gov.br/repositorio/legislacao/decreto/2006/decreto-50579-02.03.2006.html                                    Decreto de Denominação: 62.412 de 04/01/2017 -                     https://www.al.sp.gov.br/repositorio/legislacao/decreto/2017/decreto-62412-04.01.2017.html                                                            ";"                              https://bkpsitecpsnew.blob.core.windows.net/uploadsitecps/sites/1/2020/10/fatec_ra_metropolitana_sp_capital_zona_sul.zip                            ";"                                                                              Cursos Superiores de Tecnologia PresenciaisAnálise e Desenvolvimento de SistemasDesenvolvimento de Software MultiplataformaGestão EmpresarialLogística                                                          Cursos Superiores de Tecnologia EaDGestão Empresarial                                            "
"                292              ";"Fatec Ferraz de Vasconcelos — Ferraz de Vasconcelos";"A Fatec foi implantada no 2º semestre de 2018.";"62.823.257/0292-63";"                Metropolitana de São Paulo                         ";"                Ferraz de Vasconcelos              ";"                Fernando Juabre Muçoucah                f292dir@cps.sp.gov.br              ";"                Ducelina Campos Neves da Costa                f292adm@cps.sp.gov.br              ";"                Camila Miranda dos Santos                f292acad@cps.sp.gov.br              ";"                (11) 4674-2594                Discagem Abreviada: (6) 292              ";"                14/10              ";"Rua Carlos de Carvalho, 200 - Jd. São João - CEP: 08545-130 - Ferraz de Vasconcelos/SP";"https://fatecferraz.cps.sp.gov.br/              ";"                                                  Facebook: https://www.facebook.com/fatecferrazdevasconcelos                                                                                  Instagram: https://www.instagram.com/fatecferraz                                                                                  X: https://twitter.com/fatecferraz                                                                                  Linkedin: https://www.linkedin.com/company/fatec-ferraz-de-vasconcelos-292/                                                                                  Youtube: https://www.youtube.com/channel/UCA4Z_SKZS8mG1PLgVZL5tHA                                                                                                  Tiktok: https://www.tiktok.com/@fatecferraz                                                                                               ";"                                                                                Decreto de Criação: 63.253, de 08/03/2018 -                     https://www.al.sp.gov.br/repositorio/legislacao/decreto/2018/decreto-63253-08.03.2018.html                                                            ";"                              https://bkpsitecpsnew.blob.core.windows.net/uploadsitecps/sites/1/2020/11/fatec_ra_metropolitana_sp_ferraz_vasconcelos.zip                            ";"                                                                              Cursos Superiores de Tecnologia PresenciaisAnálise e Desenvolvimento de SistemasGestão da Produção IndustrialGestão Empresarial                                                                                                      "